fecha,valor,idVariable,variable
2026-08-07,49457.0,1,reservas_internacionales
2026-08-06,48834.0,1,reservas_internacionales
2026-08-05,50058.0,1,reservas_internacionales
2026-08-04,49639.0,1,reservas_internacionales
2026-08-03,49372.0,1,reservas_internacionales
2026-07-31,47599.0,1,reservas_internacionales
2026-07-30,49002.0,1,reservas_internacionales
2026-07-29,49196.0,1,reservas_internacionales
2026-07-28,48935.0,1,reservas_internacionales
2026-07-27,49164.0,1,reservas_internacionales
2026-07-24,49187.0,1,reservas_internacionales
2026-07-23,48686.0,1,reservas_internacionales
2026-07-22,49036.0,1,reservas_internacionales
2026-07-21,48921.0,1,reservas_internacionales
2026-07-20,48809.0,1,reservas_internacionales
2026-07-17,48790.0,1,reservas_internacionales
2026-07-16,48530.0,1,reservas_internacionales
2026-07-15,48617.0,1,reservas_internacionales
2026-07-14,48687.0,1,reservas_internacionales
2026-07-13,48208.0,1,reservas_internacionales
2026-07-08,48724.0,1,reservas_internacionales
2026-07-07,49535.0,1,reservas_internacionales
2026-07-06,48273.0,1,reservas_internacionales
2026-07-03,48241.0,1,reservas_internacionales
2026-07-02,47996.0,1,reservas_internacionales
2026-07-01,47067.0,1,reservas_internacionales
2026-06-30,44870.0,1,reservas_internacionales
2026-06-29,46577.0,1,reservas_internacionales
2026-06-26,47082.0,1,reservas_internacionales
2026-06-25,46968.0,1,reservas_internacionales
2026-06-24,46936.0,1,reservas_internacionales
2026-06-23,47474.0,1,reservas_internacionales
2026-06-22,47508.0,1,reservas_internacionales
2026-06-19,47373.0,1,reservas_internacionales
2026-06-18,47500.0,1,reservas_internacionales
2026-06-17,47503.0,1,reservas_internacionales
2026-06-16,47656.0,1,reservas_internacionales
2026-06-12,47419.0,1,reservas_internacionales
2026-06-11,47619.0,1,reservas_internacionales
2026-06-10,47559.0,1,reservas_internacionales
2026-06-09,47834.0,1,reservas_internacionales
2026-06-08,47800.0,1,reservas_internacionales
2026-06-05,47867.0,1,reservas_internacionales
2026-06-04,48372.0,1,reservas_internacionales
2026-06-03,48414.0,1,reservas_internacionales
2026-06-02,48430.0,1,reservas_internacionales
2026-06-01,48362.0,1,reservas_internacionales
2026-05-29,48193.0,1,reservas_internacionales
2026-05-28,48113.0,1,reservas_internacionales
2026-05-27,47874.0,1,reservas_internacionales
2026-05-26,47909.0,1,reservas_internacionales
2026-05-22,46806.0,1,reservas_internacionales
2026-05-21,46748.0,1,reservas_internacionales
2026-05-20,46585.0,1,reservas_internacionales
2026-05-19,46190.0,1,reservas_internacionales
2026-05-18,46135.0,1,reservas_internacionales
2026-05-15,46062.0,1,reservas_internacionales
2026-05-14,46197.0,1,reservas_internacionales
2026-05-13,46534.0,1,reservas_internacionales
2026-05-12,46186.0,1,reservas_internacionales
2026-05-11,46144.0,1,reservas_internacionales
2026-05-08,46061.0,1,reservas_internacionales
2026-05-07,45953.0,1,reservas_internacionales
2026-05-06,45678.0,1,reservas_internacionales
2026-05-05,45906.0,1,reservas_internacionales
2026-05-04,45657.0,1,reservas_internacionales
2026-04-30,44516.0,1,reservas_internacionales
2026-04-29,45207.0,1,reservas_internacionales
2026-04-28,45818.0,1,reservas_internacionales
2026-04-27,46089.0,1,reservas_internacionales
2026-04-24,46174.0,1,reservas_internacionales
2026-04-23,46130.0,1,reservas_internacionales
2026-04-22,45843.0,1,reservas_internacionales
2026-04-21,45781.0,1,reservas_internacionales
2026-04-20,45747.0,1,reservas_internacionales
2026-04-17,45793.0,1,reservas_internacionales
2026-04-16,45629.0,1,reservas_internacionales
2026-04-15,45622.0,1,reservas_internacionales
2026-04-14,45875.0,1,reservas_internacionales
2026-04-13,45408.0,1,reservas_internacionales
2026-04-10,45435.0,1,reservas_internacionales
2026-04-09,45154.0,1,reservas_internacionales
2026-04-08,44759.0,1,reservas_internacionales
2026-04-07,44445.0,1,reservas_internacionales
2026-04-06,44248.0,1,reservas_internacionales
2026-04-01,44445.0,1,reservas_internacionales
2026-03-31,42052.0,1,reservas_internacionales
2026-03-30,43381.0,1,reservas_internacionales
2026-03-27,43713.0,1,reservas_internacionales
2026-03-26,43534.0,1,reservas_internacionales
2026-03-25,43841.0,1,reservas_internacionales
2026-03-20,43806.0,1,reservas_internacionales
2026-03-19,43713.0,1,reservas_internacionales
2026-03-18,44495.0,1,reservas_internacionales
2026-03-17,44722.0,1,reservas_internacionales
2026-03-16,44790.0,1,reservas_internacionales
2026-03-13,45661.0,1,reservas_internacionales
2026-03-12,45766.0,1,reservas_internacionales
2026-03-11,45770.0,1,reservas_internacionales
2026-03-10,46054.0,1,reservas_internacionales
2026-03-09,45767.0,1,reservas_internacionales
2026-03-06,46011.0,1,reservas_internacionales
2026-03-05,45825.0,1,reservas_internacionales
2026-03-04,46210.0,1,reservas_internacionales
2026-03-03,46137.0,1,reservas_internacionales
2026-03-02,46519.0,1,reservas_internacionales
2026-02-27,45566.0,1,reservas_internacionales
2026-02-26,46158.0,1,reservas_internacionales
2026-02-25,46905.0,1,reservas_internacionales
2026-02-24,46663.0,1,reservas_internacionales
2026-02-23,46635.0,1,reservas_internacionales
2026-02-20,46264.0,1,reservas_internacionales
2026-02-19,44904.0,1,reservas_internacionales
2026-02-18,45130.0,1,reservas_internacionales
2026-02-13,45164.0,1,reservas_internacionales
2026-02-12,45053.0,1,reservas_internacionales
2026-02-11,45305.0,1,reservas_internacionales
2026-02-10,45229.0,1,reservas_internacionales
2026-02-09,45322.0,1,reservas_internacionales
2026-02-06,44939.0,1,reservas_internacionales
2026-02-05,44753.0,1,reservas_internacionales
2026-02-04,45420.0,1,reservas_internacionales
2026-02-03,45675.0,1,reservas_internacionales
2026-02-02,45104.0,1,reservas_internacionales
2026-01-30,44503.0,1,reservas_internacionales
2026-01-29,46242.0,1,reservas_internacionales
2026-01-28,46160.0,1,reservas_internacionales
2026-01-27,45780.0,1,reservas_internacionales
2026-01-26,45740.0,1,reservas_internacionales
2026-01-23,45565.0,1,reservas_internacionales
2026-01-22,45397.0,1,reservas_internacionales
2026-01-21,45077.0,1,reservas_internacionales
2026-01-20,44871.0,1,reservas_internacionales
2026-01-19,44808.0,1,reservas_internacionales
2026-01-16,44609.0,1,reservas_internacionales
2026-01-15,44646.0,1,reservas_internacionales
2026-01-14,44692.0,1,reservas_internacionales
2026-01-13,44678.0,1,reservas_internacionales
2026-01-12,44766.0,1,reservas_internacionales
2026-01-09,44397.0,1,reservas_internacionales
2026-01-08,44782.0,1,reservas_internacionales
2026-01-07,44241.0,1,reservas_internacionales
2026-01-06,44186.0,1,reservas_internacionales
2026-01-05,43393.0,1,reservas_internacionales
2026-01-02,43105.0,1,reservas_internacionales
2025-12-30,41095.0,1,reservas_internacionales
2025-12-29,41894.0,1,reservas_internacionales
2025-12-26,43617.0,1,reservas_internacionales
2025-12-23,43012.0,1,reservas_internacionales
2025-12-22,42636.0,1,reservas_internacionales
2025-12-19,42418.0,1,reservas_internacionales
2025-12-18,42326.0,1,reservas_internacionales
2025-12-17,42226.0,1,reservas_internacionales
2025-12-16,42283.0,1,reservas_internacionales
2025-12-15,42238.0,1,reservas_internacionales
2025-12-12,41907.0,1,reservas_internacionales
2025-12-11,41824.0,1,reservas_internacionales
2025-12-10,41669.0,1,reservas_internacionales
2025-12-09,41750.0,1,reservas_internacionales
2025-12-05,41764.0,1,reservas_internacionales
2025-12-04,41890.0,1,reservas_internacionales
2025-12-03,41887.0,1,reservas_internacionales
2025-12-02,41883.0,1,reservas_internacionales
2025-12-01,41773.0,1,reservas_internacionales
2025-11-28,40335.0,1,reservas_internacionales
2025-11-27,41904.0,1,reservas_internacionales
2025-11-26,41899.0,1,reservas_internacionales
2025-11-25,41185.0,1,reservas_internacionales
2025-11-20,40921.0,1,reservas_internacionales
2025-11-19,40773.0,1,reservas_internacionales
2025-11-18,40622.0,1,reservas_internacionales
2025-11-17,40356.0,1,reservas_internacionales
2025-11-14,40643.0,1,reservas_internacionales
2025-11-13,40684.0,1,reservas_internacionales
2025-11-12,40675.0,1,reservas_internacionales
2025-11-11,40500.0,1,reservas_internacionales
2025-11-10,40401.0,1,reservas_internacionales
2025-11-07,40227.0,1,reservas_internacionales
2025-11-05,41015.0,1,reservas_internacionales
2025-11-04,40802.0,1,reservas_internacionales
2025-11-03,40785.0,1,reservas_internacionales
2025-10-31,39382.0,1,reservas_internacionales
2025-10-30,40494.0,1,reservas_internacionales
2025-10-29,40764.0,1,reservas_internacionales
2025-10-28,40771.0,1,reservas_internacionales
2025-10-27,41059.0,1,reservas_internacionales
2025-10-24,41215.0,1,reservas_internacionales
2025-10-23,40989.0,1,reservas_internacionales
2025-10-22,40570.0,1,reservas_internacionales
2025-10-21,40540.0,1,reservas_internacionales
2025-10-20,41316.0,1,reservas_internacionales
2025-10-17,41170.0,1,reservas_internacionales
2025-10-16,41710.0,1,reservas_internacionales
2025-10-15,41741.0,1,reservas_internacionales
2025-10-14,41904.0,1,reservas_internacionales
2025-10-13,42258.0,1,reservas_internacionales
2025-10-09,42057.0,1,reservas_internacionales
2025-10-08,42067.0,1,reservas_internacionales
2025-10-07,42222.0,1,reservas_internacionales
2025-10-06,42629.0,1,reservas_internacionales
2025-10-03,42701.0,1,reservas_internacionales
2025-10-02,42330.0,1,reservas_internacionales
2025-10-01,42230.0,1,reservas_internacionales
2025-09-30,40374.0,1,reservas_internacionales
2025-09-29,41118.0,1,reservas_internacionales
2025-09-26,41200.0,1,reservas_internacionales
2025-09-25,39355.0,1,reservas_internacionales
2025-09-24,39032.0,1,reservas_internacionales
2025-09-23,39177.0,1,reservas_internacionales
2025-09-22,39116.0,1,reservas_internacionales
2025-09-19,39264.0,1,reservas_internacionales
2025-09-18,39409.0,1,reservas_internacionales
2025-09-17,39781.0,1,reservas_internacionales
2025-09-16,39879.0,1,reservas_internacionales
2025-09-15,39848.0,1,reservas_internacionales
2025-09-12,40313.0,1,reservas_internacionales
2025-09-11,40365.0,1,reservas_internacionales
2025-09-10,40404.0,1,reservas_internacionales
2025-09-09,40511.0,1,reservas_internacionales
2025-09-08,40551.0,1,reservas_internacionales
2025-09-05,40531.0,1,reservas_internacionales
2025-09-04,40378.0,1,reservas_internacionales
2025-09-03,40741.0,1,reservas_internacionales
2025-09-02,40763.0,1,reservas_internacionales
2025-09-01,40026.0,1,reservas_internacionales
2025-08-29,39986.0,1,reservas_internacionales
2025-08-28,40963.0,1,reservas_internacionales
2025-08-27,41255.0,1,reservas_internacionales
2025-08-26,41184.0,1,reservas_internacionales
2025-08-25,41445.0,1,reservas_internacionales
2025-08-22,41505.0,1,reservas_internacionales
2025-08-21,41485.0,1,reservas_internacionales
2025-08-20,41692.0,1,reservas_internacionales
2025-08-19,41705.0,1,reservas_internacionales
2025-08-18,41757.0,1,reservas_internacionales
2025-08-14,41908.0,1,reservas_internacionales
2025-08-13,42052.0,1,reservas_internacionales
2025-08-12,41991.0,1,reservas_internacionales
2025-08-11,41991.0,1,reservas_internacionales
2025-08-08,42116.0,1,reservas_internacionales
2025-08-07,41683.0,1,reservas_internacionales
2025-08-06,42143.0,1,reservas_internacionales
2025-08-05,42720.0,1,reservas_internacionales
2025-08-04,43039.0,1,reservas_internacionales
2025-08-01,41034.0,1,reservas_internacionales
2025-07-31,38866.0,1,reservas_internacionales
2025-07-30,40765.0,1,reservas_internacionales
2025-07-29,41245.0,1,reservas_internacionales
2025-07-28,40146.0,1,reservas_internacionales
2025-07-25,40283.0,1,reservas_internacionales
2025-07-24,40432.0,1,reservas_internacionales
2025-07-23,40358.0,1,reservas_internacionales
2025-07-22,40578.0,1,reservas_internacionales
2025-07-21,40652.0,1,reservas_internacionales
2025-07-18,40393.0,1,reservas_internacionales
2025-07-17,39836.0,1,reservas_internacionales
2025-07-16,39554.0,1,reservas_internacionales
2025-07-15,39061.0,1,reservas_internacionales
2025-07-14,39147.0,1,reservas_internacionales
2025-07-11,39060.0,1,reservas_internacionales
2025-07-10,38721.0,1,reservas_internacionales
2025-07-08,39127.0,1,reservas_internacionales
2025-07-07,41721.0,1,reservas_internacionales
2025-07-04,41747.0,1,reservas_internacionales
2025-07-03,41738.0,1,reservas_internacionales
2025-07-02,41658.0,1,reservas_internacionales
2025-07-01,41686.0,1,reservas_internacionales
2025-06-30,39973.0,1,reservas_internacionales
2025-06-27,41460.0,1,reservas_internacionales
2025-06-26,41555.0,1,reservas_internacionales
2025-06-25,41417.0,1,reservas_internacionales
2025-06-24,41212.0,1,reservas_internacionales
2025-06-23,40894.0,1,reservas_internacionales
2025-06-19,40182.0,1,reservas_internacionales
2025-06-18,40153.0,1,reservas_internacionales
2025-06-17,40399.0,1,reservas_internacionales
2025-06-13,40465.0,1,reservas_internacionales
2025-06-12,38506.0,1,reservas_internacionales
2025-06-11,38533.0,1,reservas_internacionales
2025-06-10,38600.0,1,reservas_internacionales
2025-06-09,38604.0,1,reservas_internacionales
2025-06-06,38639.0,1,reservas_internacionales
2025-06-05,38758.0,1,reservas_internacionales
2025-06-04,38818.0,1,reservas_internacionales
2025-06-03,37767.0,1,reservas_internacionales
2025-06-02,37793.0,1,reservas_internacionales
2025-05-30,36919.0,1,reservas_internacionales
2025-05-29,38366.0,1,reservas_internacionales
2025-05-28,38444.0,1,reservas_internacionales
2025-05-27,38381.0,1,reservas_internacionales
2025-05-26,38384.0,1,reservas_internacionales
2025-05-23,38428.0,1,reservas_internacionales
2025-05-22,38097.0,1,reservas_internacionales
2025-05-21,38176.0,1,reservas_internacionales
2025-05-20,38267.0,1,reservas_internacionales
2025-05-19,38300.0,1,reservas_internacionales
2025-05-16,38338.0,1,reservas_internacionales
2025-05-15,38346.0,1,reservas_internacionales
2025-05-14,38565.0,1,reservas_internacionales
2025-05-13,38651.0,1,reservas_internacionales
2025-05-12,38079.0,1,reservas_internacionales
2025-05-09,38123.0,1,reservas_internacionales
2025-05-08,38035.0,1,reservas_internacionales
2025-05-07,38258.0,1,reservas_internacionales
2025-05-06,38542.0,1,reservas_internacionales
2025-05-05,38976.0,1,reservas_internacionales
2025-04-30,38928.0,1,reservas_internacionales
2025-04-29,39091.0,1,reservas_internacionales
2025-04-28,39291.0,1,reservas_internacionales
2025-04-25,39168.0,1,reservas_internacionales
2025-04-24,39079.0,1,reservas_internacionales
2025-04-23,38631.0,1,reservas_internacionales
2025-04-22,38814.0,1,reservas_internacionales
2025-04-21,38791.0,1,reservas_internacionales
2025-04-16,38616.0,1,reservas_internacionales
2025-04-15,36777.0,1,reservas_internacionales
2025-04-14,24221.0,1,reservas_internacionales
2025-04-11,24704.0,1,reservas_internacionales
2025-04-10,24773.0,1,reservas_internacionales
2025-04-09,24780.0,1,reservas_internacionales
2025-04-08,24677.0,1,reservas_internacionales
2025-04-07,24838.0,1,reservas_internacionales
2025-04-04,25148.0,1,reservas_internacionales
2025-04-03,25305.0,1,reservas_internacionales
2025-04-01,25450.0,1,reservas_internacionales
2025-03-31,24986.0,1,reservas_internacionales
2025-03-28,25777.0,1,reservas_internacionales
2025-03-27,26223.0,1,reservas_internacionales
2025-03-26,26251.0,1,reservas_internacionales
2025-03-25,26442.0,1,reservas_internacionales
2025-03-21,26628.0,1,reservas_internacionales
2025-03-20,26785.0,1,reservas_internacionales
2025-03-19,27046.0,1,reservas_internacionales
2025-03-18,27208.0,1,reservas_internacionales
2025-03-17,27338.0,1,reservas_internacionales
2025-03-14,28091.0,1,reservas_internacionales
2025-03-13,28104.0,1,reservas_internacionales
2025-03-12,27960.0,1,reservas_internacionales
2025-03-11,27687.0,1,reservas_internacionales
2025-03-10,27732.0,1,reservas_internacionales
2025-03-07,28090.0,1,reservas_internacionales
2025-03-06,28181.0,1,reservas_internacionales
2025-03-05,27991.0,1,reservas_internacionales
2025-02-28,28117.0,1,reservas_internacionales
2025-02-27,28586.0,1,reservas_internacionales
2025-02-26,28714.0,1,reservas_internacionales
2025-02-25,28685.0,1,reservas_internacionales
2025-02-24,28603.0,1,reservas_internacionales
2025-02-21,28495.0,1,reservas_internacionales
2025-02-20,28578.0,1,reservas_internacionales
2025-02-19,28362.0,1,reservas_internacionales
2025-02-18,28405.0,1,reservas_internacionales
2025-02-17,28747.0,1,reservas_internacionales
2025-02-14,28801.0,1,reservas_internacionales
2025-02-13,28894.0,1,reservas_internacionales
2025-02-12,28925.0,1,reservas_internacionales
2025-02-11,28898.0,1,reservas_internacionales
2025-02-10,28938.0,1,reservas_internacionales
2025-02-07,28889.0,1,reservas_internacionales
2025-02-06,28743.0,1,reservas_internacionales
2025-02-05,29354.0,1,reservas_internacionales
2025-02-04,29427.0,1,reservas_internacionales
2025-02-03,29453.0,1,reservas_internacionales
2025-01-31,28310.0,1,reservas_internacionales
2025-01-30,29429.0,1,reservas_internacionales
2025-01-29,29648.0,1,reservas_internacionales
2025-01-28,29802.0,1,reservas_internacionales
2025-01-27,29834.0,1,reservas_internacionales
2025-01-24,29970.0,1,reservas_internacionales
2025-01-23,29838.0,1,reservas_internacionales
2025-01-22,30140.0,1,reservas_internacionales
2025-01-21,30282.0,1,reservas_internacionales
2025-01-20,30593.0,1,reservas_internacionales
2025-01-17,30518.0,1,reservas_internacionales
2025-01-16,30707.0,1,reservas_internacionales
2025-01-15,30624.0,1,reservas_internacionales
2025-01-14,30704.0,1,reservas_internacionales
2025-01-13,30835.0,1,reservas_internacionales
2025-01-10,31038.0,1,reservas_internacionales
2025-01-09,30904.0,1,reservas_internacionales
2025-01-08,31176.0,1,reservas_internacionales
2025-01-07,32903.0,1,reservas_internacionales
2025-01-06,32805.0,1,reservas_internacionales
2025-01-03,32774.0,1,reservas_internacionales
2025-01-02,31706.0,1,reservas_internacionales
2024-12-30,29640.0,1,reservas_internacionales
2024-12-27,31524.0,1,reservas_internacionales
2024-12-26,32413.0,1,reservas_internacionales
2024-12-23,32688.0,1,reservas_internacionales
2024-12-20,32864.0,1,reservas_internacionales
2024-12-19,32243.0,1,reservas_internacionales
2024-12-18,32255.0,1,reservas_internacionales
2024-12-17,32257.0,1,reservas_internacionales
2024-12-16,31744.0,1,reservas_internacionales
2024-12-13,31937.0,1,reservas_internacionales
2024-12-12,31849.0,1,reservas_internacionales
2024-12-11,31988.0,1,reservas_internacionales
2024-12-10,31619.0,1,reservas_internacionales
2024-12-09,31512.0,1,reservas_internacionales
2024-12-06,31531.0,1,reservas_internacionales
2024-12-05,31534.0,1,reservas_internacionales
2024-12-04,31266.0,1,reservas_internacionales
2024-12-03,31240.0,1,reservas_internacionales
2024-12-02,31314.0,1,reservas_internacionales
2024-11-29,30214.0,1,reservas_internacionales
2024-11-28,31637.0,1,reservas_internacionales
2024-11-27,31484.0,1,reservas_internacionales
2024-11-26,30928.0,1,reservas_internacionales
2024-11-25,30879.0,1,reservas_internacionales
2024-11-22,30874.0,1,reservas_internacionales
2024-11-21,30845.0,1,reservas_internacionales
2024-11-20,30494.0,1,reservas_internacionales
2024-11-19,30274.0,1,reservas_internacionales
2024-11-15,29878.0,1,reservas_internacionales
2024-11-14,30193.0,1,reservas_internacionales
2024-11-13,30023.0,1,reservas_internacionales
2024-11-12,29962.0,1,reservas_internacionales
2024-11-11,29859.0,1,reservas_internacionales
2024-11-08,29838.0,1,reservas_internacionales
2024-11-07,29668.0,1,reservas_internacionales
2024-11-05,30432.0,1,reservas_internacionales
2024-11-04,30182.0,1,reservas_internacionales
2024-11-01,29603.0,1,reservas_internacionales
2024-10-31,28618.0,1,reservas_internacionales
2024-10-30,29863.0,1,reservas_internacionales
2024-10-29,29669.0,1,reservas_internacionales
2024-10-28,29368.0,1,reservas_internacionales
2024-10-25,29163.0,1,reservas_internacionales
2024-10-24,29057.0,1,reservas_internacionales
2024-10-23,28511.0,1,reservas_internacionales
2024-10-22,28416.0,1,reservas_internacionales
2024-10-21,28314.0,1,reservas_internacionales
2024-10-18,28488.0,1,reservas_internacionales
2024-10-17,28273.0,1,reservas_internacionales
2024-10-16,28294.0,1,reservas_internacionales
2024-10-15,28271.0,1,reservas_internacionales
2024-10-14,28702.0,1,reservas_internacionales
2024-10-10,28632.0,1,reservas_internacionales
2024-10-09,28346.0,1,reservas_internacionales
2024-10-08,28388.0,1,reservas_internacionales
2024-10-07,28557.0,1,reservas_internacionales
2024-10-04,28313.0,1,reservas_internacionales
2024-10-03,29231.0,1,reservas_internacionales
2024-10-02,29138.0,1,reservas_internacionales
2024-10-01,28461.0,1,reservas_internacionales
2024-09-30,27172.0,1,reservas_internacionales
2024-09-27,29174.0,1,reservas_internacionales
2024-09-26,29164.0,1,reservas_internacionales
2024-09-25,28834.0,1,reservas_internacionales
2024-09-24,28241.0,1,reservas_internacionales
2024-09-23,27343.0,1,reservas_internacionales
2024-09-20,27264.0,1,reservas_internacionales
2024-09-19,27129.0,1,reservas_internacionales
2024-09-18,27011.0,1,reservas_internacionales
2024-09-17,26909.0,1,reservas_internacionales
2024-09-16,26940.0,1,reservas_internacionales
2024-09-13,27420.0,1,reservas_internacionales
2024-09-12,27316.0,1,reservas_internacionales
2024-09-11,27219.0,1,reservas_internacionales
2024-09-10,27244.0,1,reservas_internacionales
2024-09-09,27400.0,1,reservas_internacionales
2024-09-06,27464.0,1,reservas_internacionales
2024-09-05,27436.0,1,reservas_internacionales
2024-09-04,27354.0,1,reservas_internacionales
2024-09-03,27377.0,1,reservas_internacionales
2024-09-02,26651.0,1,reservas_internacionales
2024-08-30,26719.0,1,reservas_internacionales
2024-08-29,27767.0,1,reservas_internacionales
2024-08-28,27861.0,1,reservas_internacionales
2024-08-27,27954.0,1,reservas_internacionales
2024-08-26,27874.0,1,reservas_internacionales
2024-08-23,27845.0,1,reservas_internacionales
2024-08-22,27658.0,1,reservas_internacionales
2024-08-21,27662.0,1,reservas_internacionales
2024-08-20,27674.0,1,reservas_internacionales
2024-08-19,27512.0,1,reservas_internacionales
2024-08-16,27541.0,1,reservas_internacionales
2024-08-15,27419.0,1,reservas_internacionales
2024-08-14,27571.0,1,reservas_internacionales
2024-08-13,27585.0,1,reservas_internacionales
2024-08-12,27473.0,1,reservas_internacionales
2024-08-09,27391.0,1,reservas_internacionales
2024-08-08,27376.0,1,reservas_internacionales
2024-08-07,27231.0,1,reservas_internacionales
2024-08-06,27310.0,1,reservas_internacionales
2024-08-05,28191.0,1,reservas_internacionales
2024-08-02,27571.0,1,reservas_internacionales
2024-08-01,27069.0,1,reservas_internacionales
2024-07-31,26402.0,1,reservas_internacionales
2024-07-30,26997.0,1,reservas_internacionales
2024-07-29,27132.0,1,reservas_internacionales
2024-07-26,27311.0,1,reservas_internacionales
2024-07-25,27330.0,1,reservas_internacionales
2024-07-24,27532.0,1,reservas_internacionales
2024-07-23,27437.0,1,reservas_internacionales
2024-07-22,27425.0,1,reservas_internacionales
2024-07-19,27565.0,1,reservas_internacionales
2024-07-18,27607.0,1,reservas_internacionales
2024-07-17,27583.0,1,reservas_internacionales
2024-07-16,27623.0,1,reservas_internacionales
2024-07-15,28177.0,1,reservas_internacionales
2024-07-12,28282.0,1,reservas_internacionales
2024-07-11,28235.0,1,reservas_internacionales
2024-07-10,28098.0,1,reservas_internacionales
2024-07-08,28348.0,1,reservas_internacionales
2024-07-05,29950.0,1,reservas_internacionales
2024-07-04,29819.0,1,reservas_internacionales
2024-07-03,29812.0,1,reservas_internacionales
2024-07-02,29646.0,1,reservas_internacionales
2024-07-01,29615.0,1,reservas_internacionales
2024-06-28,29022.0,1,reservas_internacionales
2024-06-27,29747.0,1,reservas_internacionales
2024-06-26,29886.0,1,reservas_internacionales
2024-06-25,29783.0,1,reservas_internacionales
2024-06-24,29716.0,1,reservas_internacionales
2024-06-19,29946.0,1,reservas_internacionales
2024-06-18,29959.0,1,reservas_internacionales
2024-06-14,29172.0,1,reservas_internacionales
2024-06-13,29277.0,1,reservas_internacionales
2024-06-12,29268.0,1,reservas_internacionales
2024-06-11,29212.0,1,reservas_internacionales
2024-06-10,29237.0,1,reservas_internacionales
2024-06-07,29300.0,1,reservas_internacionales
2024-06-06,29415.0,1,reservas_internacionales
2024-06-05,29368.0,1,reservas_internacionales
2024-06-04,29289.0,1,reservas_internacionales
2024-06-03,29134.0,1,reservas_internacionales
2024-05-31,28664.0,1,reservas_internacionales
2024-05-30,29066.0,1,reservas_internacionales
2024-05-29,29191.0,1,reservas_internacionales
2024-05-28,29186.0,1,reservas_internacionales
2024-05-27,29157.0,1,reservas_internacionales
2024-05-24,29116.0,1,reservas_internacionales
2024-05-23,29005.0,1,reservas_internacionales
2024-05-22,29081.0,1,reservas_internacionales
2024-05-21,29062.0,1,reservas_internacionales
2024-05-20,28899.0,1,reservas_internacionales
2024-05-17,28801.0,1,reservas_internacionales
2024-05-16,28576.0,1,reservas_internacionales
2024-05-15,28271.0,1,reservas_internacionales
2024-05-14,28368.0,1,reservas_internacionales
2024-05-13,28325.0,1,reservas_internacionales
2024-05-10,28361.0,1,reservas_internacionales
2024-05-09,28037.0,1,reservas_internacionales
2024-05-08,27967.0,1,reservas_internacionales
2024-05-07,27791.0,1,reservas_internacionales
2024-05-06,27688.0,1,reservas_internacionales
2024-05-03,28381.0,1,reservas_internacionales
2024-05-02,28200.0,1,reservas_internacionales
2024-04-30,27578.0,1,reservas_internacionales
2024-04-29,29869.0,1,reservas_internacionales
2024-04-26,30141.0,1,reservas_internacionales
2024-04-25,30096.0,1,reservas_internacionales
2024-04-24,30023.0,1,reservas_internacionales
2024-04-23,29899.0,1,reservas_internacionales
2024-04-22,29907.0,1,reservas_internacionales
2024-04-19,29850.0,1,reservas_internacionales
2024-04-18,29717.0,1,reservas_internacionales
2024-04-17,29471.0,1,reservas_internacionales
2024-04-16,29360.0,1,reservas_internacionales
2024-04-15,29240.0,1,reservas_internacionales
2024-04-12,29321.0,1,reservas_internacionales
2024-04-11,29181.0,1,reservas_internacionales
2024-04-10,29047.0,1,reservas_internacionales
2024-04-09,29043.0,1,reservas_internacionales
2024-04-08,28904.0,1,reservas_internacionales
2024-04-05,28765.0,1,reservas_internacionales
2024-04-04,28400.0,1,reservas_internacionales
2024-04-03,27882.0,1,reservas_internacionales
2024-03-27,27127.0,1,reservas_internacionales
2024-03-26,27644.0,1,reservas_internacionales
2024-03-25,28266.0,1,reservas_internacionales
2024-03-22,28025.0,1,reservas_internacionales
2024-03-21,28107.0,1,reservas_internacionales
2024-03-20,28041.0,1,reservas_internacionales
2024-03-19,27979.0,1,reservas_internacionales
2024-03-18,28176.0,1,reservas_internacionales
2024-03-15,28209.0,1,reservas_internacionales
2024-03-14,28489.0,1,reservas_internacionales
2024-03-13,28488.0,1,reservas_internacionales
2024-03-12,28272.0,1,reservas_internacionales
2024-03-11,28296.0,1,reservas_internacionales
2024-03-08,28221.0,1,reservas_internacionales
2024-03-07,28049.0,1,reservas_internacionales
2024-03-06,27854.0,1,reservas_internacionales
2024-03-05,27755.0,1,reservas_internacionales
2024-03-04,27641.0,1,reservas_internacionales
2024-03-01,27334.0,1,reservas_internacionales
2024-02-29,26690.0,1,reservas_internacionales
2024-02-28,27597.0,1,reservas_internacionales
2024-02-27,27558.0,1,reservas_internacionales
2024-02-26,27490.0,1,reservas_internacionales
2024-02-23,27485.0,1,reservas_internacionales
2024-02-22,27347.0,1,reservas_internacionales
2024-02-21,27140.0,1,reservas_internacionales
2024-02-20,27104.0,1,reservas_internacionales
2024-02-19,26859.0,1,reservas_internacionales
2024-02-16,26860.0,1,reservas_internacionales
2024-02-15,26641.0,1,reservas_internacionales
2024-02-14,26603.0,1,reservas_internacionales
2024-02-09,26502.0,1,reservas_internacionales
2024-02-08,26377.0,1,reservas_internacionales
2024-02-07,26483.0,1,reservas_internacionales
2024-02-06,26414.0,1,reservas_internacionales
2024-02-05,26991.0,1,reservas_internacionales
2024-02-02,27016.0,1,reservas_internacionales
2024-02-01,27072.0,1,reservas_internacionales
2024-01-31,27642.0,1,reservas_internacionales
2024-01-30,25105.0,1,reservas_internacionales
2024-01-29,25158.0,1,reservas_internacionales
2024-01-26,25007.0,1,reservas_internacionales
2024-01-25,24859.0,1,reservas_internacionales
2024-01-24,24848.0,1,reservas_internacionales
2024-01-23,24675.0,1,reservas_internacionales
2024-01-22,24488.0,1,reservas_internacionales
2024-01-19,24427.0,1,reservas_internacionales
2024-01-18,24300.0,1,reservas_internacionales
2024-01-17,24167.0,1,reservas_internacionales
2024-01-16,23972.0,1,reservas_internacionales
2024-01-15,24001.0,1,reservas_internacionales
2024-01-12,23980.0,1,reservas_internacionales
2024-01-11,23571.0,1,reservas_internacionales
2024-01-10,23411.0,1,reservas_internacionales
2024-01-09,23286.0,1,reservas_internacionales
2024-01-08,23233.0,1,reservas_internacionales
2024-01-05,24119.0,1,reservas_internacionales
2024-01-04,23835.0,1,reservas_internacionales
2024-01-03,23677.0,1,reservas_internacionales
2024-01-02,23470.0,1,reservas_internacionales
2023-12-29,23073.0,1,reservas_internacionales
2023-12-28,23125.0,1,reservas_internacionales
2023-12-27,22763.0,1,reservas_internacionales
2023-12-26,22571.0,1,reservas_internacionales
2023-12-22,22581.0,1,reservas_internacionales
2023-12-21,22209.0,1,reservas_internacionales
2023-12-20,22758.0,1,reservas_internacionales
2023-12-19,22663.0,1,reservas_internacionales
2023-12-18,21477.0,1,reservas_internacionales
2023-12-15,21451.0,1,reservas_internacionales
2023-12-14,21499.0,1,reservas_internacionales
2023-12-13,21133.0,1,reservas_internacionales
2023-12-12,20920.0,1,reservas_internacionales
2023-12-11,21017.0,1,reservas_internacionales
2023-12-07,21209.0,1,reservas_internacionales
2023-12-06,21168.0,1,reservas_internacionales
2023-12-05,21345.0,1,reservas_internacionales
2023-12-04,21329.0,1,reservas_internacionales
2023-12-01,21428.0,1,reservas_internacionales
2023-11-30,21513.0,1,reservas_internacionales
2023-11-29,21603.0,1,reservas_internacionales
2023-11-28,21535.0,1,reservas_internacionales
2023-11-27,21538.0,1,reservas_internacionales
2023-11-24,21551.0,1,reservas_internacionales
2023-11-23,21554.0,1,reservas_internacionales
2023-11-22,21539.0,1,reservas_internacionales
2023-11-21,21631.0,1,reservas_internacionales
2023-11-17,21505.0,1,reservas_internacionales
2023-11-16,21403.0,1,reservas_internacionales
2023-11-15,21102.0,1,reservas_internacionales
2023-11-14,21167.0,1,reservas_internacionales
2023-11-13,20977.0,1,reservas_internacionales
2023-11-10,20905.0,1,reservas_internacionales
2023-11-09,20950.0,1,reservas_internacionales
2023-11-08,20938.0,1,reservas_internacionales
2023-11-07,20928.0,1,reservas_internacionales
2023-11-03,21883.0,1,reservas_internacionales
2023-11-02,21878.0,1,reservas_internacionales
2023-11-01,21876.0,1,reservas_internacionales
2023-10-31,22559.0,1,reservas_internacionales
2023-10-30,24614.0,1,reservas_internacionales
2023-10-27,24561.0,1,reservas_internacionales
2023-10-26,24553.0,1,reservas_internacionales
2023-10-25,24499.0,1,reservas_internacionales
2023-10-24,24556.0,1,reservas_internacionales
2023-10-23,24553.0,1,reservas_internacionales
2023-10-20,24543.0,1,reservas_internacionales
2023-10-19,24793.0,1,reservas_internacionales
2023-10-18,24789.0,1,reservas_internacionales
2023-10-17,24995.0,1,reservas_internacionales
2023-10-12,25225.0,1,reservas_internacionales
2023-10-11,25772.0,1,reservas_internacionales
2023-10-10,26059.0,1,reservas_internacionales
2023-10-09,26269.0,1,reservas_internacionales
2023-10-06,26262.0,1,reservas_internacionales
2023-10-05,26382.0,1,reservas_internacionales
2023-10-04,26470.0,1,reservas_internacionales
2023-10-03,26558.0,1,reservas_internacionales
2023-10-02,26634.0,1,reservas_internacionales
2023-09-29,26925.0,1,reservas_internacionales
2023-09-28,27068.0,1,reservas_internacionales
2023-09-27,27057.0,1,reservas_internacionales
2023-09-26,27152.0,1,reservas_internacionales
2023-09-25,27204.0,1,reservas_internacionales
2023-09-22,27254.0,1,reservas_internacionales
2023-09-21,27342.0,1,reservas_internacionales
2023-09-20,27425.0,1,reservas_internacionales
2023-09-19,27438.0,1,reservas_internacionales
2023-09-18,27470.0,1,reservas_internacionales
2023-09-15,27530.0,1,reservas_internacionales
2023-09-14,27784.0,1,reservas_internacionales
2023-09-13,27786.0,1,reservas_internacionales
2023-09-12,27767.0,1,reservas_internacionales
2023-09-11,27737.0,1,reservas_internacionales
2023-09-08,27686.0,1,reservas_internacionales
2023-09-07,27651.0,1,reservas_internacionales
2023-09-06,27630.0,1,reservas_internacionales
2023-09-05,27679.0,1,reservas_internacionales
2023-09-04,27775.0,1,reservas_internacionales
2023-09-01,27824.0,1,reservas_internacionales
2023-08-31,27818.0,1,reservas_internacionales
2023-08-30,27942.0,1,reservas_internacionales
2023-08-29,28035.0,1,reservas_internacionales
2023-08-28,28011.0,1,reservas_internacionales
2023-08-25,27955.0,1,reservas_internacionales
2023-08-24,28995.0,1,reservas_internacionales
2023-08-23,29004.0,1,reservas_internacionales
2023-08-22,23639.0,1,reservas_internacionales
2023-08-18,23637.0,1,reservas_internacionales
2023-08-17,23721.0,1,reservas_internacionales
2023-08-16,23612.0,1,reservas_internacionales
2023-08-15,23667.0,1,reservas_internacionales
2023-08-14,23762.0,1,reservas_internacionales
2023-08-11,23671.0,1,reservas_internacionales
2023-08-10,23828.0,1,reservas_internacionales
2023-08-09,23891.0,1,reservas_internacionales
2023-08-08,24129.0,1,reservas_internacionales
2023-08-07,24268.0,1,reservas_internacionales
2023-08-04,24372.0,1,reservas_internacionales
2023-08-03,24146.0,1,reservas_internacionales
2023-08-02,24020.0,1,reservas_internacionales
2023-08-01,24042.0,1,reservas_internacionales
2023-07-31,24092.0,1,reservas_internacionales
2023-07-28,25651.0,1,reservas_internacionales
2023-07-27,25349.0,1,reservas_internacionales
2023-07-26,25258.0,1,reservas_internacionales
2023-07-25,25350.0,1,reservas_internacionales
2023-07-24,25280.0,1,reservas_internacionales
2023-07-21,25210.0,1,reservas_internacionales
2023-07-20,25441.0,1,reservas_internacionales
2023-07-19,25501.0,1,reservas_internacionales
2023-07-18,25765.0,1,reservas_internacionales
2023-07-17,25849.0,1,reservas_internacionales
2023-07-14,26036.0,1,reservas_internacionales
2023-07-13,26189.0,1,reservas_internacionales
2023-07-12,26335.0,1,reservas_internacionales
2023-07-11,26416.0,1,reservas_internacionales
2023-07-10,26550.0,1,reservas_internacionales
2023-07-07,26616.0,1,reservas_internacionales
2023-07-06,27436.0,1,reservas_internacionales
2023-07-05,27529.0,1,reservas_internacionales
2023-07-04,27721.0,1,reservas_internacionales
2023-07-03,27898.0,1,reservas_internacionales
2023-06-30,27926.0,1,reservas_internacionales
2023-06-29,30785.0,1,reservas_internacionales
2023-06-28,30859.0,1,reservas_internacionales
2023-06-27,31026.0,1,reservas_internacionales
2023-06-26,31154.0,1,reservas_internacionales
2023-06-23,31279.0,1,reservas_internacionales
2023-06-22,31455.0,1,reservas_internacionales
2023-06-21,31616.0,1,reservas_internacionales
2023-06-16,31852.0,1,reservas_internacionales
2023-06-15,32141.0,1,reservas_internacionales
2023-06-14,32336.0,1,reservas_internacionales
2023-06-13,32366.0,1,reservas_internacionales
2023-06-12,32363.0,1,reservas_internacionales
2023-06-09,32488.0,1,reservas_internacionales
2023-06-08,32680.0,1,reservas_internacionales
2023-06-07,32725.0,1,reservas_internacionales
2023-06-06,32871.0,1,reservas_internacionales
2023-06-05,33011.0,1,reservas_internacionales
2023-06-02,32998.0,1,reservas_internacionales
2023-06-01,33067.0,1,reservas_internacionales
2023-05-31,33001.0,1,reservas_internacionales
2023-05-30,32813.0,1,reservas_internacionales
2023-05-29,32883.0,1,reservas_internacionales
2023-05-24,32966.0,1,reservas_internacionales
2023-05-23,32910.0,1,reservas_internacionales
2023-05-22,33062.0,1,reservas_internacionales
2023-05-19,33159.0,1,reservas_internacionales
2023-05-18,33132.0,1,reservas_internacionales
2023-05-17,33298.0,1,reservas_internacionales
2023-05-16,33350.0,1,reservas_internacionales
2023-05-15,33481.0,1,reservas_internacionales
2023-05-12,33588.0,1,reservas_internacionales
2023-05-11,33631.0,1,reservas_internacionales
2023-05-10,33723.0,1,reservas_internacionales
2023-05-09,33850.0,1,reservas_internacionales
2023-05-08,33944.0,1,reservas_internacionales
2023-05-05,34008.0,1,reservas_internacionales
2023-05-04,34130.0,1,reservas_internacionales
2023-05-03,34891.0,1,reservas_internacionales
2023-05-02,35080.0,1,reservas_internacionales
2023-04-28,35001.0,1,reservas_internacionales
2023-04-27,36104.0,1,reservas_internacionales
2023-04-26,36354.0,1,reservas_internacionales
2023-04-25,36478.0,1,reservas_internacionales
2023-04-24,36569.0,1,reservas_internacionales
2023-04-21,36503.0,1,reservas_internacionales
2023-04-20,36413.0,1,reservas_internacionales
2023-04-19,36365.0,1,reservas_internacionales
2023-04-18,36638.0,1,reservas_internacionales
2023-04-17,36731.0,1,reservas_internacionales
2023-04-14,36901.0,1,reservas_internacionales
2023-04-13,37538.0,1,reservas_internacionales
2023-04-12,37224.0,1,reservas_internacionales
2023-04-11,37218.0,1,reservas_internacionales
2023-04-10,37210.0,1,reservas_internacionales
2023-04-05,38662.0,1,reservas_internacionales
2023-04-04,38777.0,1,reservas_internacionales
2023-04-03,38809.0,1,reservas_internacionales
2023-03-31,39060.0,1,reservas_internacionales
2023-03-30,36509.0,1,reservas_internacionales
2023-03-29,36851.0,1,reservas_internacionales
2023-03-28,37076.0,1,reservas_internacionales
2023-03-27,37161.0,1,reservas_internacionales
2023-03-23,37606.0,1,reservas_internacionales
2023-03-22,37596.0,1,reservas_internacionales
2023-03-21,37837.0,1,reservas_internacionales
2023-03-20,38008.0,1,reservas_internacionales
2023-03-17,37672.0,1,reservas_internacionales
2023-03-16,37712.0,1,reservas_internacionales
2023-03-15,37783.0,1,reservas_internacionales
2023-03-14,38142.0,1,reservas_internacionales
2023-03-13,38331.0,1,reservas_internacionales
2023-03-10,38208.0,1,reservas_internacionales
2023-03-09,38180.0,1,reservas_internacionales
2023-03-08,38272.0,1,reservas_internacionales
2023-03-07,38323.0,1,reservas_internacionales
2023-03-06,38517.0,1,reservas_internacionales
2023-03-03,38598.0,1,reservas_internacionales
2023-03-02,38584.0,1,reservas_internacionales
2023-03-01,38722.0,1,reservas_internacionales
2023-02-28,38709.0,1,reservas_internacionales
2023-02-27,39045.0,1,reservas_internacionales
2023-02-24,39006.0,1,reservas_internacionales
2023-02-23,39183.0,1,reservas_internacionales
2023-02-22,39261.0,1,reservas_internacionales
2023-02-17,39335.0,1,reservas_internacionales
2023-02-16,39514.0,1,reservas_internacionales
2023-02-15,39561.0,1,reservas_internacionales
2023-02-14,40009.0,1,reservas_internacionales
2023-02-13,40008.0,1,reservas_internacionales
2023-02-10,40012.0,1,reservas_internacionales
2023-02-09,40076.0,1,reservas_internacionales
2023-02-08,40169.0,1,reservas_internacionales
2023-02-07,40287.0,1,reservas_internacionales
2023-02-06,40288.0,1,reservas_internacionales
2023-02-03,41022.0,1,reservas_internacionales
2023-02-02,41314.0,1,reservas_internacionales
2023-02-01,41379.0,1,reservas_internacionales
2023-01-31,41417.0,1,reservas_internacionales
2023-01-30,41518.0,1,reservas_internacionales
2023-01-27,42265.0,1,reservas_internacionales
2023-01-26,42274.0,1,reservas_internacionales
2023-01-25,42481.0,1,reservas_internacionales
2023-01-24,42649.0,1,reservas_internacionales
2023-01-23,42659.0,1,reservas_internacionales
2023-01-20,42710.0,1,reservas_internacionales
2023-01-19,42816.0,1,reservas_internacionales
2023-01-18,42845.0,1,reservas_internacionales
2023-01-17,42890.0,1,reservas_internacionales
2023-01-16,42987.0,1,reservas_internacionales
2023-01-13,43115.0,1,reservas_internacionales
2023-01-12,43534.0,1,reservas_internacionales
2023-01-11,43406.0,1,reservas_internacionales
2023-01-10,43395.0,1,reservas_internacionales
2023-01-09,43371.0,1,reservas_internacionales
2023-01-06,44432.0,1,reservas_internacionales
2023-01-05,44838.0,1,reservas_internacionales
2023-01-04,44694.0,1,reservas_internacionales
2023-01-03,44613.0,1,reservas_internacionales
2023-01-02,44608.0,1,reservas_internacionales
2022-12-30,44598.0,1,reservas_internacionales
2022-12-29,44170.0,1,reservas_internacionales
2022-12-28,43802.0,1,reservas_internacionales
2022-12-27,43655.0,1,reservas_internacionales
2022-12-26,43545.0,1,reservas_internacionales
2022-12-23,43470.0,1,reservas_internacionales
2022-12-22,43267.0,1,reservas_internacionales
2022-12-21,39057.0,1,reservas_internacionales
2022-12-20,39898.0,1,reservas_internacionales
2022-12-19,39797.0,1,reservas_internacionales
2022-12-16,39794.0,1,reservas_internacionales
2022-12-15,39637.0,1,reservas_internacionales
2022-12-14,39694.0,1,reservas_internacionales
2022-12-13,39681.0,1,reservas_internacionales
2022-12-12,39594.0,1,reservas_internacionales
2022-12-07,39007.0,1,reservas_internacionales
2022-12-06,38702.0,1,reservas_internacionales
2022-12-05,38568.0,1,reservas_internacionales
2022-12-02,38294.0,1,reservas_internacionales
2022-12-01,38188.0,1,reservas_internacionales
2022-11-30,38009.0,1,reservas_internacionales
2022-11-29,37861.0,1,reservas_internacionales
2022-11-28,37658.0,1,reservas_internacionales
2022-11-25,37538.0,1,reservas_internacionales
2022-11-24,37622.0,1,reservas_internacionales
2022-11-23,37604.0,1,reservas_internacionales
2022-11-22,37588.0,1,reservas_internacionales
2022-11-18,37564.0,1,reservas_internacionales
2022-11-17,37617.0,1,reservas_internacionales
2022-11-16,37790.0,1,reservas_internacionales
2022-11-15,37867.0,1,reservas_internacionales
2022-11-14,38007.0,1,reservas_internacionales
2022-11-11,38086.0,1,reservas_internacionales
2022-11-10,37803.0,1,reservas_internacionales
2022-11-09,37828.0,1,reservas_internacionales
2022-11-08,37837.0,1,reservas_internacionales
2022-11-07,38014.0,1,reservas_internacionales
2022-11-04,38266.0,1,reservas_internacionales
2022-11-03,38485.0,1,reservas_internacionales
2022-11-02,38653.0,1,reservas_internacionales
2022-11-01,38746.0,1,reservas_internacionales
2022-10-31,38676.0,1,reservas_internacionales
2022-10-28,38940.0,1,reservas_internacionales
2022-10-27,39706.0,1,reservas_internacionales
2022-10-26,39697.0,1,reservas_internacionales
2022-10-25,39679.0,1,reservas_internacionales
2022-10-24,39666.0,1,reservas_internacionales
2022-10-21,39737.0,1,reservas_internacionales
2022-10-20,39788.0,1,reservas_internacionales
2022-10-19,39085.0,1,reservas_internacionales
2022-10-18,39200.0,1,reservas_internacionales
2022-10-17,39192.0,1,reservas_internacionales
2022-10-14,39263.0,1,reservas_internacionales
2022-10-13,40052.0,1,reservas_internacionales
2022-10-12,40074.0,1,reservas_internacionales
2022-10-11,40123.0,1,reservas_internacionales
2022-10-06,36547.0,1,reservas_internacionales
2022-10-05,37832.0,1,reservas_internacionales
2022-10-04,37752.0,1,reservas_internacionales
2022-10-03,37671.0,1,reservas_internacionales
2022-09-30,37625.0,1,reservas_internacionales
2022-09-29,37278.0,1,reservas_internacionales
2022-09-28,36839.0,1,reservas_internacionales
2022-09-27,36570.0,1,reservas_internacionales
2022-09-26,36309.0,1,reservas_internacionales
2022-09-23,36075.0,1,reservas_internacionales
2022-09-22,36141.0,1,reservas_internacionales
2022-09-21,37593.0,1,reservas_internacionales
2022-09-20,38341.0,1,reservas_internacionales
2022-09-19,38251.0,1,reservas_internacionales
2022-09-16,38120.0,1,reservas_internacionales
2022-09-15,37916.0,1,reservas_internacionales
2022-09-14,37922.0,1,reservas_internacionales
2022-09-13,37753.0,1,reservas_internacionales
2022-09-12,37652.0,1,reservas_internacionales
2022-09-09,37508.0,1,reservas_internacionales
2022-09-08,37284.0,1,reservas_internacionales
2022-09-07,36861.0,1,reservas_internacionales
2022-09-06,36630.0,1,reservas_internacionales
2022-09-05,36577.0,1,reservas_internacionales
2022-09-01,36642.0,1,reservas_internacionales
2022-08-31,36734.0,1,reservas_internacionales
2022-08-30,36846.0,1,reservas_internacionales
2022-08-29,36841.0,1,reservas_internacionales
2022-08-26,36932.0,1,reservas_internacionales
2022-08-25,37027.0,1,reservas_internacionales
2022-08-24,37004.0,1,reservas_internacionales
2022-08-23,37024.0,1,reservas_internacionales
2022-08-22,36981.0,1,reservas_internacionales
2022-08-19,37066.0,1,reservas_internacionales
2022-08-18,37122.0,1,reservas_internacionales
2022-08-17,36952.0,1,reservas_internacionales
2022-08-16,36867.0,1,reservas_internacionales
2022-08-12,37018.0,1,reservas_internacionales
2022-08-11,37010.0,1,reservas_internacionales
2022-08-10,37081.0,1,reservas_internacionales
2022-08-09,37054.0,1,reservas_internacionales
2022-08-08,37155.0,1,reservas_internacionales
2022-08-05,37213.0,1,reservas_internacionales
2022-08-04,37334.0,1,reservas_internacionales
2022-08-03,37819.0,1,reservas_internacionales
2022-08-02,38010.0,1,reservas_internacionales
2022-08-01,38039.0,1,reservas_internacionales
2022-07-29,38232.0,1,reservas_internacionales
2022-07-28,39217.0,1,reservas_internacionales
2022-07-27,39354.0,1,reservas_internacionales
2022-07-26,39464.0,1,reservas_internacionales
2022-07-25,39760.0,1,reservas_internacionales
2022-07-22,39718.0,1,reservas_internacionales
2022-07-21,39681.0,1,reservas_internacionales
2022-07-20,39747.0,1,reservas_internacionales
2022-07-19,39864.0,1,reservas_internacionales
2022-07-18,40014.0,1,reservas_internacionales
2022-07-15,40147.0,1,reservas_internacionales
2022-07-14,40132.0,1,reservas_internacionales
2022-07-13,40403.0,1,reservas_internacionales
2022-07-12,40397.0,1,reservas_internacionales
2022-07-11,40457.0,1,reservas_internacionales
2022-07-08,40455.0,1,reservas_internacionales
2022-07-07,42211.0,1,reservas_internacionales
2022-07-06,42275.0,1,reservas_internacionales
2022-07-05,42316.0,1,reservas_internacionales
2022-07-04,42367.0,1,reservas_internacionales
2022-07-01,42358.0,1,reservas_internacionales
2022-06-30,42787.0,1,reservas_internacionales
2022-06-29,42472.0,1,reservas_internacionales
2022-06-28,42164.0,1,reservas_internacionales
2022-06-27,38119.0,1,reservas_internacionales
2022-06-24,38006.0,1,reservas_internacionales
2022-06-23,38085.0,1,reservas_internacionales
2022-06-22,38231.0,1,reservas_internacionales
2022-06-21,40011.0,1,reservas_internacionales
2022-06-16,40903.0,1,reservas_internacionales
2022-06-15,41096.0,1,reservas_internacionales
2022-06-14,41231.0,1,reservas_internacionales
2022-06-13,41352.0,1,reservas_internacionales
2022-06-10,41597.0,1,reservas_internacionales
2022-06-09,41627.0,1,reservas_internacionales
2022-06-08,41621.0,1,reservas_internacionales
2022-06-07,41642.0,1,reservas_internacionales
2022-06-06,41622.0,1,reservas_internacionales
2022-06-03,41613.0,1,reservas_internacionales
2022-06-02,41600.0,1,reservas_internacionales
2022-06-01,41573.0,1,reservas_internacionales
2022-05-31,41561.0,1,reservas_internacionales
2022-05-30,41650.0,1,reservas_internacionales
2022-05-27,41544.0,1,reservas_internacionales
2022-05-26,41466.0,1,reservas_internacionales
2022-05-24,41654.0,1,reservas_internacionales
2022-05-23,41647.0,1,reservas_internacionales
2022-05-20,41541.0,1,reservas_internacionales
2022-05-19,41486.0,1,reservas_internacionales
2022-05-17,41396.0,1,reservas_internacionales
2022-05-16,41358.0,1,reservas_internacionales
2022-05-13,41290.0,1,reservas_internacionales
2022-05-12,41342.0,1,reservas_internacionales
2022-05-11,41625.0,1,reservas_internacionales
2022-05-10,41620.0,1,reservas_internacionales
2022-05-09,41629.0,1,reservas_internacionales
2022-05-06,41816.0,1,reservas_internacionales
2022-05-05,41797.0,1,reservas_internacionales
2022-05-04,42172.0,1,reservas_internacionales
2022-05-03,42121.0,1,reservas_internacionales
2022-05-02,42067.0,1,reservas_internacionales
2022-04-29,42007.0,1,reservas_internacionales
2022-04-28,42465.0,1,reservas_internacionales
2022-04-27,42557.0,1,reservas_internacionales
2022-04-26,42646.0,1,reservas_internacionales
2022-04-25,42638.0,1,reservas_internacionales
2022-04-22,42867.0,1,reservas_internacionales
2022-04-21,43065.0,1,reservas_internacionales
2022-04-20,43136.0,1,reservas_internacionales
2022-04-19,43224.0,1,reservas_internacionales
2022-04-18,43311.0,1,reservas_internacionales
2022-04-13,43303.0,1,reservas_internacionales
2022-04-12,43319.0,1,reservas_internacionales
2022-04-11,43239.0,1,reservas_internacionales
2022-04-08,43236.0,1,reservas_internacionales
2022-04-07,43229.0,1,reservas_internacionales
2022-04-06,43182.0,1,reservas_internacionales
2022-04-05,43141.0,1,reservas_internacionales
2022-04-04,43126.0,1,reservas_internacionales
2022-04-01,43074.0,1,reservas_internacionales
2022-03-31,43137.0,1,reservas_internacionales
2022-03-30,43187.0,1,reservas_internacionales
2022-03-29,43160.0,1,reservas_internacionales
2022-03-28,43247.0,1,reservas_internacionales
2022-03-25,43321.0,1,reservas_internacionales
2022-03-23,37075.0,1,reservas_internacionales
2022-03-22,37020.0,1,reservas_internacionales
2022-03-21,37018.0,1,reservas_internacionales
2022-03-18,37014.0,1,reservas_internacionales
2022-03-17,37039.0,1,reservas_internacionales
2022-03-16,37064.0,1,reservas_internacionales
2022-03-15,37031.0,1,reservas_internacionales
2022-03-14,37221.0,1,reservas_internacionales
2022-03-11,37262.0,1,reservas_internacionales
2022-03-10,37321.0,1,reservas_internacionales
2022-03-09,37313.0,1,reservas_internacionales
2022-03-08,37380.0,1,reservas_internacionales
2022-03-07,37329.0,1,reservas_internacionales
2022-03-04,37107.0,1,reservas_internacionales
2022-03-03,37067.0,1,reservas_internacionales
2022-03-02,37045.0,1,reservas_internacionales
2022-02-25,37018.0,1,reservas_internacionales
2022-02-24,37079.0,1,reservas_internacionales
2022-02-23,37235.0,1,reservas_internacionales
2022-02-22,37260.0,1,reservas_internacionales
2022-02-21,37322.0,1,reservas_internacionales
2022-02-18,37353.0,1,reservas_internacionales
2022-02-17,37317.0,1,reservas_internacionales
2022-02-16,37306.0,1,reservas_internacionales
2022-02-15,37281.0,1,reservas_internacionales
2022-02-14,37265.0,1,reservas_internacionales
2022-02-11,37241.0,1,reservas_internacionales
2022-02-10,37233.0,1,reservas_internacionales
2022-02-09,37230.0,1,reservas_internacionales
2022-02-08,37218.0,1,reservas_internacionales
2022-02-07,37213.0,1,reservas_internacionales
2022-02-04,37189.0,1,reservas_internacionales
2022-02-03,37565.0,1,reservas_internacionales
2022-02-02,37562.0,1,reservas_internacionales
2022-02-01,37560.0,1,reservas_internacionales
2022-01-31,37589.0,1,reservas_internacionales
2022-01-28,37622.0,1,reservas_internacionales
2022-01-27,38517.0,1,reservas_internacionales
2022-01-26,38872.0,1,reservas_internacionales
2022-01-25,38952.0,1,reservas_internacionales
2022-01-24,38951.0,1,reservas_internacionales
2022-01-21,38945.0,1,reservas_internacionales
2022-01-20,38944.0,1,reservas_internacionales
2022-01-19,39033.0,1,reservas_internacionales
2022-01-18,39091.0,1,reservas_internacionales
2022-01-17,39141.0,1,reservas_internacionales
2022-01-14,39133.0,1,reservas_internacionales
2022-01-13,39205.0,1,reservas_internacionales
2022-01-12,39200.0,1,reservas_internacionales
2022-01-11,39191.0,1,reservas_internacionales
2022-01-10,39172.0,1,reservas_internacionales
2022-01-07,39122.0,1,reservas_internacionales
2022-01-06,39466.0,1,reservas_internacionales
2022-01-05,39587.0,1,reservas_internacionales
2022-01-04,39575.0,1,reservas_internacionales
2022-01-03,39596.0,1,reservas_internacionales
2021-12-30,39662.0,1,reservas_internacionales
2021-12-29,39127.0,1,reservas_internacionales
2021-12-28,39182.0,1,reservas_internacionales
2021-12-27,39174.0,1,reservas_internacionales
2021-12-23,39156.0,1,reservas_internacionales
2021-12-22,39153.0,1,reservas_internacionales
2021-12-21,41110.0,1,reservas_internacionales
2021-12-20,41107.0,1,reservas_internacionales
2021-12-17,41119.0,1,reservas_internacionales
2021-12-16,41114.0,1,reservas_internacionales
2021-12-15,41105.0,1,reservas_internacionales
2021-12-14,41171.0,1,reservas_internacionales
2021-12-13,41199.0,1,reservas_internacionales
2021-12-10,41181.0,1,reservas_internacionales
2021-12-09,41161.0,1,reservas_internacionales
2021-12-07,41250.0,1,reservas_internacionales
2021-12-06,41300.0,1,reservas_internacionales
2021-12-03,41293.0,1,reservas_internacionales
2021-12-02,41445.0,1,reservas_internacionales
2021-12-01,41539.0,1,reservas_internacionales
2021-11-30,41530.0,1,reservas_internacionales
2021-11-29,42039.0,1,reservas_internacionales
2021-11-26,42182.0,1,reservas_internacionales
2021-11-25,42238.0,1,reservas_internacionales
2021-11-24,42233.0,1,reservas_internacionales
2021-11-23,42153.0,1,reservas_internacionales
2021-11-19,42275.0,1,reservas_internacionales
2021-11-18,42361.0,1,reservas_internacionales
2021-11-17,42500.0,1,reservas_internacionales
2021-11-16,42461.0,1,reservas_internacionales
2021-11-15,42523.0,1,reservas_internacionales
2021-11-12,42608.0,1,reservas_internacionales
2021-11-11,42798.0,1,reservas_internacionales
2021-11-10,42791.0,1,reservas_internacionales
2021-11-09,42880.0,1,reservas_internacionales
2021-11-08,42797.0,1,reservas_internacionales
2021-11-05,42791.0,1,reservas_internacionales
2021-11-04,42577.0,1,reservas_internacionales
2021-11-03,42658.0,1,reservas_internacionales
2021-11-02,42749.0,1,reservas_internacionales
2021-11-01,42782.0,1,reservas_internacionales
2021-10-29,42817.0,1,reservas_internacionales
2021-10-28,43010.0,1,reservas_internacionales
2021-10-27,43040.0,1,reservas_internacionales
2021-10-26,43070.0,1,reservas_internacionales
2021-10-25,43059.0,1,reservas_internacionales
2021-10-22,43038.0,1,reservas_internacionales
2021-10-21,43006.0,1,reservas_internacionales
2021-10-20,42989.0,1,reservas_internacionales
2021-10-19,42984.0,1,reservas_internacionales
2021-10-18,42944.0,1,reservas_internacionales
2021-10-15,42932.0,1,reservas_internacionales
2021-10-14,43020.0,1,reservas_internacionales
2021-10-13,43004.0,1,reservas_internacionales
2021-10-12,42898.0,1,reservas_internacionales
2021-10-07,42848.0,1,reservas_internacionales
2021-10-06,42796.0,1,reservas_internacionales
2021-10-05,42719.0,1,reservas_internacionales
2021-10-04,42825.0,1,reservas_internacionales
2021-10-01,42850.0,1,reservas_internacionales
2021-09-30,42911.0,1,reservas_internacionales
2021-09-29,42895.0,1,reservas_internacionales
2021-09-28,43089.0,1,reservas_internacionales
2021-09-27,43140.0,1,reservas_internacionales
2021-09-24,43132.0,1,reservas_internacionales
2021-09-23,43134.0,1,reservas_internacionales
2021-09-22,43178.0,1,reservas_internacionales
2021-09-21,45170.0,1,reservas_internacionales
2021-09-20,45230.0,1,reservas_internacionales
2021-09-17,45335.0,1,reservas_internacionales
2021-09-16,45525.0,1,reservas_internacionales
2021-09-15,45682.0,1,reservas_internacionales
2021-09-14,45817.0,1,reservas_internacionales
2021-09-13,45778.0,1,reservas_internacionales
2021-09-10,45762.0,1,reservas_internacionales
2021-09-09,45726.0,1,reservas_internacionales
2021-09-08,45806.0,1,reservas_internacionales
2021-09-07,45896.0,1,reservas_internacionales
2021-09-06,45985.0,1,reservas_internacionales
2021-09-03,46033.0,1,reservas_internacionales
2021-09-02,46024.0,1,reservas_internacionales
2021-09-01,46094.0,1,reservas_internacionales
2021-08-31,46180.0,1,reservas_internacionales
2021-08-30,46154.0,1,reservas_internacionales
2021-08-27,46199.0,1,reservas_internacionales
2021-08-26,46188.0,1,reservas_internacionales
2021-08-25,46278.0,1,reservas_internacionales
2021-08-24,46318.0,1,reservas_internacionales
2021-08-23,46306.0,1,reservas_internacionales
2021-08-20,42048.0,1,reservas_internacionales
2021-08-19,42030.0,1,reservas_internacionales
2021-08-18,41998.0,1,reservas_internacionales
2021-08-17,41989.0,1,reservas_internacionales
2021-08-13,41983.0,1,reservas_internacionales
2021-08-12,41973.0,1,reservas_internacionales
2021-08-11,41951.0,1,reservas_internacionales
2021-08-10,41941.0,1,reservas_internacionales
2021-08-09,42002.0,1,reservas_internacionales
2021-08-06,42063.0,1,reservas_internacionales
2021-08-05,42207.0,1,reservas_internacionales
2021-08-04,42548.0,1,reservas_internacionales
2021-08-03,42503.0,1,reservas_internacionales
2021-08-02,42504.0,1,reservas_internacionales
2021-07-30,42582.0,1,reservas_internacionales
2021-07-29,42668.0,1,reservas_internacionales
2021-07-28,42654.0,1,reservas_internacionales
2021-07-27,42836.0,1,reservas_internacionales
2021-07-26,43025.0,1,reservas_internacionales
2021-07-23,43108.0,1,reservas_internacionales
2021-07-22,43091.0,1,reservas_internacionales
2021-07-21,43075.0,1,reservas_internacionales
2021-07-20,43012.0,1,reservas_internacionales
2021-07-19,42943.0,1,reservas_internacionales
2021-07-16,42931.0,1,reservas_internacionales
2021-07-15,42991.0,1,reservas_internacionales
2021-07-14,42964.0,1,reservas_internacionales
2021-07-13,42925.0,1,reservas_internacionales
2021-07-12,42845.0,1,reservas_internacionales
2021-07-08,42750.0,1,reservas_internacionales
2021-07-07,42759.0,1,reservas_internacionales
2021-07-06,42727.0,1,reservas_internacionales
2021-07-05,42678.0,1,reservas_internacionales
2021-07-02,42641.0,1,reservas_internacionales
2021-07-01,42494.0,1,reservas_internacionales
2021-06-30,42437.0,1,reservas_internacionales
2021-06-29,42366.0,1,reservas_internacionales
2021-06-28,42420.0,1,reservas_internacionales
2021-06-25,42420.0,1,reservas_internacionales
2021-06-24,42414.0,1,reservas_internacionales
2021-06-23,42402.0,1,reservas_internacionales
2021-06-22,42376.0,1,reservas_internacionales
2021-06-18,42407.0,1,reservas_internacionales
2021-06-17,42397.0,1,reservas_internacionales
2021-06-16,42692.0,1,reservas_internacionales
2021-06-15,42665.0,1,reservas_internacionales
2021-06-14,42720.0,1,reservas_internacionales
2021-06-11,42697.0,1,reservas_internacionales
2021-06-10,42658.0,1,reservas_internacionales
2021-06-09,42618.0,1,reservas_internacionales
2021-06-08,42430.0,1,reservas_internacionales
2021-06-07,42292.0,1,reservas_internacionales
2021-06-04,42202.0,1,reservas_internacionales
2021-06-03,42122.0,1,reservas_internacionales
2021-06-02,42066.0,1,reservas_internacionales
2021-06-01,41964.0,1,reservas_internacionales
2021-05-31,41872.0,1,reservas_internacionales
2021-05-28,41888.0,1,reservas_internacionales
2021-05-27,41785.0,1,reservas_internacionales
2021-05-26,41715.0,1,reservas_internacionales
2021-05-21,41591.0,1,reservas_internacionales
2021-05-20,41517.0,1,reservas_internacionales
2021-05-19,41483.0,1,reservas_internacionales
2021-05-18,41376.0,1,reservas_internacionales
2021-05-17,41266.0,1,reservas_internacionales
2021-05-14,41002.0,1,reservas_internacionales
2021-05-13,40947.0,1,reservas_internacionales
2021-05-12,40880.0,1,reservas_internacionales
2021-05-11,40762.0,1,reservas_internacionales
2021-05-10,40616.0,1,reservas_internacionales
2021-05-07,40454.0,1,reservas_internacionales
2021-05-06,40300.0,1,reservas_internacionales
2021-05-05,40493.0,1,reservas_internacionales
2021-05-04,40433.0,1,reservas_internacionales
2021-05-03,40360.0,1,reservas_internacionales
2021-04-30,40263.0,1,reservas_internacionales
2021-04-29,40357.0,1,reservas_internacionales
2021-04-28,40339.0,1,reservas_internacionales
2021-04-27,40330.0,1,reservas_internacionales
2021-04-26,40271.0,1,reservas_internacionales
2021-04-23,40257.0,1,reservas_internacionales
2021-04-22,40220.0,1,reservas_internacionales
2021-04-21,40208.0,1,reservas_internacionales
2021-04-20,40187.0,1,reservas_internacionales
2021-04-19,40146.0,1,reservas_internacionales
2021-04-16,40078.0,1,reservas_internacionales
2021-04-15,40070.0,1,reservas_internacionales
2021-04-14,40020.0,1,reservas_internacionales
2021-04-13,39998.0,1,reservas_internacionales
2021-04-12,39922.0,1,reservas_internacionales
2021-04-09,39850.0,1,reservas_internacionales
2021-04-08,39801.0,1,reservas_internacionales
2021-04-07,39751.0,1,reservas_internacionales
2021-04-06,39709.0,1,reservas_internacionales
2021-04-05,39645.0,1,reservas_internacionales
2021-03-31,39593.0,1,reservas_internacionales
2021-03-30,39520.0,1,reservas_internacionales
2021-03-29,39471.0,1,reservas_internacionales
2021-03-26,39539.0,1,reservas_internacionales
2021-03-25,39610.0,1,reservas_internacionales
2021-03-23,39679.0,1,reservas_internacionales
2021-03-22,39651.0,1,reservas_internacionales
2021-03-19,39728.0,1,reservas_internacionales
2021-03-18,39774.0,1,reservas_internacionales
2021-03-17,39834.0,1,reservas_internacionales
2021-03-16,39881.0,1,reservas_internacionales
2021-03-15,39865.0,1,reservas_internacionales
2021-03-12,39823.0,1,reservas_internacionales
2021-03-11,39807.0,1,reservas_internacionales
2021-03-10,39750.0,1,reservas_internacionales
2021-03-09,39747.0,1,reservas_internacionales
2021-03-08,39729.0,1,reservas_internacionales
2021-03-05,39799.0,1,reservas_internacionales
2021-03-04,39784.0,1,reservas_internacionales
2021-03-03,39718.0,1,reservas_internacionales
2021-03-02,39654.0,1,reservas_internacionales
2021-03-01,39617.0,1,reservas_internacionales
2021-02-26,39518.0,1,reservas_internacionales
2021-02-25,39517.0,1,reservas_internacionales
2021-02-24,39506.0,1,reservas_internacionales
2021-02-23,39498.0,1,reservas_internacionales
2021-02-22,39476.0,1,reservas_internacionales
2021-02-19,39425.0,1,reservas_internacionales
2021-02-18,39310.0,1,reservas_internacionales
2021-02-17,39399.0,1,reservas_internacionales
2021-02-12,39369.0,1,reservas_internacionales
2021-02-11,39359.0,1,reservas_internacionales
2021-02-10,39278.0,1,reservas_internacionales
2021-02-09,39270.0,1,reservas_internacionales
2021-02-08,39233.0,1,reservas_internacionales
2021-02-05,39174.0,1,reservas_internacionales
2021-02-04,39134.0,1,reservas_internacionales
2021-02-03,39473.0,1,reservas_internacionales
2021-02-02,39453.0,1,reservas_internacionales
2021-02-01,39460.0,1,reservas_internacionales
2021-01-29,39515.0,1,reservas_internacionales
2021-01-28,39482.0,1,reservas_internacionales
2021-01-27,39450.0,1,reservas_internacionales
2021-01-26,39627.0,1,reservas_internacionales
2021-01-25,39690.0,1,reservas_internacionales
2021-01-22,39687.0,1,reservas_internacionales
2021-01-21,39757.0,1,reservas_internacionales
2021-01-20,39741.0,1,reservas_internacionales
2021-01-19,39779.0,1,reservas_internacionales
2021-01-18,39812.0,1,reservas_internacionales
2021-01-15,39808.0,1,reservas_internacionales
2021-01-14,39791.0,1,reservas_internacionales
2021-01-13,39765.0,1,reservas_internacionales
2021-01-12,39708.0,1,reservas_internacionales
2021-01-11,39605.0,1,reservas_internacionales
2021-01-08,39462.0,1,reservas_internacionales
2021-01-07,39556.0,1,reservas_internacionales
2021-01-06,39546.0,1,reservas_internacionales
2021-01-05,39540.0,1,reservas_internacionales
2021-01-04,39501.0,1,reservas_internacionales
2020-12-30,39387.0,1,reservas_internacionales
2020-12-29,39281.0,1,reservas_internacionales
2020-12-28,39236.0,1,reservas_internacionales
2020-12-23,39216.0,1,reservas_internacionales
2020-12-22,39009.0,1,reservas_internacionales
2020-12-21,38899.0,1,reservas_internacionales
2020-12-18,38835.0,1,reservas_internacionales
2020-12-17,38828.0,1,reservas_internacionales
2020-12-16,38794.0,1,reservas_internacionales
2020-12-15,38777.0,1,reservas_internacionales
2020-12-14,38761.0,1,reservas_internacionales
2020-12-11,38750.0,1,reservas_internacionales
2020-12-10,38744.0,1,reservas_internacionales
2020-12-09,38710.0,1,reservas_internacionales
2020-12-04,38661.0,1,reservas_internacionales
2020-12-03,38652.0,1,reservas_internacionales
2020-12-02,38622.0,1,reservas_internacionales
2020-12-01,38619.0,1,reservas_internacionales
2020-11-30,38652.0,1,reservas_internacionales
2020-11-27,38705.0,1,reservas_internacionales
2020-11-26,38747.0,1,reservas_internacionales
2020-11-25,38746.0,1,reservas_internacionales
2020-11-24,38731.0,1,reservas_internacionales
2020-11-20,38945.0,1,reservas_internacionales
2020-11-19,38939.0,1,reservas_internacionales
2020-11-18,39069.0,1,reservas_internacionales
2020-11-17,39116.0,1,reservas_internacionales
2020-11-16,39115.0,1,reservas_internacionales
2020-11-13,39101.0,1,reservas_internacionales
2020-11-12,39191.0,1,reservas_internacionales
2020-11-11,39259.0,1,reservas_internacionales
2020-11-10,39322.0,1,reservas_internacionales
2020-11-09,39316.0,1,reservas_internacionales
2020-11-05,39524.0,1,reservas_internacionales
2020-11-04,39819.0,1,reservas_internacionales
2020-11-03,39882.0,1,reservas_internacionales
2020-11-02,39875.0,1,reservas_internacionales
2020-10-30,39856.0,1,reservas_internacionales
2020-10-29,39826.0,1,reservas_internacionales
2020-10-28,39866.0,1,reservas_internacionales
2020-10-27,40140.0,1,reservas_internacionales
2020-10-26,40239.0,1,reservas_internacionales
2020-10-23,40498.0,1,reservas_internacionales
2020-10-22,40668.0,1,reservas_internacionales
2020-10-21,40800.0,1,reservas_internacionales
2020-10-20,40812.0,1,reservas_internacionales
2020-10-19,40794.0,1,reservas_internacionales
2020-10-16,40785.0,1,reservas_internacionales
2020-10-15,40777.0,1,reservas_internacionales
2020-10-14,40847.0,1,reservas_internacionales
2020-10-13,40837.0,1,reservas_internacionales
2020-10-09,41026.0,1,reservas_internacionales
2020-10-08,41092.0,1,reservas_internacionales
2020-10-07,41132.0,1,reservas_internacionales
2020-10-06,41129.0,1,reservas_internacionales
2020-10-05,41172.0,1,reservas_internacionales
2020-10-02,41252.0,1,reservas_internacionales
2020-10-01,41369.0,1,reservas_internacionales
2020-09-30,41379.0,1,reservas_internacionales
2020-09-29,41751.0,1,reservas_internacionales
2020-09-28,41874.0,1,reservas_internacionales
2020-09-25,41970.0,1,reservas_internacionales
2020-09-24,42118.0,1,reservas_internacionales
2020-09-23,42177.0,1,reservas_internacionales
2020-09-22,42226.0,1,reservas_internacionales
2020-09-21,42248.0,1,reservas_internacionales
2020-09-18,42428.0,1,reservas_internacionales
2020-09-17,42473.0,1,reservas_internacionales
2020-09-16,42521.0,1,reservas_internacionales
2020-09-15,42495.0,1,reservas_internacionales
2020-09-14,42501.0,1,reservas_internacionales
2020-09-11,42452.0,1,reservas_internacionales
2020-09-10,42549.0,1,reservas_internacionales
2020-09-09,42570.0,1,reservas_internacionales
2020-09-08,42638.0,1,reservas_internacionales
2020-09-07,42643.0,1,reservas_internacionales
2020-09-04,42617.0,1,reservas_internacionales
2020-09-03,42613.0,1,reservas_internacionales
2020-09-02,42640.0,1,reservas_internacionales
2020-09-01,42700.0,1,reservas_internacionales
2020-08-31,42842.0,1,reservas_internacionales
2020-08-28,42914.0,1,reservas_internacionales
2020-08-27,42896.0,1,reservas_internacionales
2020-08-26,42962.0,1,reservas_internacionales
2020-08-25,42983.0,1,reservas_internacionales
2020-08-24,43047.0,1,reservas_internacionales
2020-08-21,43048.0,1,reservas_internacionales
2020-08-20,43092.0,1,reservas_internacionales
2020-08-19,43115.0,1,reservas_internacionales
2020-08-18,43160.0,1,reservas_internacionales
2020-08-14,43122.0,1,reservas_internacionales
2020-08-13,43207.0,1,reservas_internacionales
2020-08-12,43253.0,1,reservas_internacionales
2020-08-11,43302.0,1,reservas_internacionales
2020-08-10,43332.0,1,reservas_internacionales
2020-08-07,43303.0,1,reservas_internacionales
2020-08-06,43344.0,1,reservas_internacionales
2020-08-05,43374.0,1,reservas_internacionales
2020-08-04,43409.0,1,reservas_internacionales
2020-08-03,43348.0,1,reservas_internacionales
2020-07-31,43386.0,1,reservas_internacionales
2020-07-30,43340.0,1,reservas_internacionales
2020-07-29,43387.0,1,reservas_internacionales
2020-07-28,43433.0,1,reservas_internacionales
2020-07-27,43384.0,1,reservas_internacionales
2020-07-24,43360.0,1,reservas_internacionales
2020-07-23,43349.0,1,reservas_internacionales
2020-07-22,43379.0,1,reservas_internacionales
2020-07-21,43399.0,1,reservas_internacionales
2020-07-20,43389.0,1,reservas_internacionales
2020-07-17,43362.0,1,reservas_internacionales
2020-07-16,43356.0,1,reservas_internacionales
2020-07-15,43346.0,1,reservas_internacionales
2020-07-14,43307.0,1,reservas_internacionales
2020-07-13,43276.0,1,reservas_internacionales
2020-07-08,43246.0,1,reservas_internacionales
2020-07-07,43240.0,1,reservas_internacionales
2020-07-06,43253.0,1,reservas_internacionales
2020-07-03,43219.0,1,reservas_internacionales
2020-07-02,43203.0,1,reservas_internacionales
2020-07-01,43219.0,1,reservas_internacionales
2020-06-30,43242.0,1,reservas_internacionales
2020-06-29,43201.0,1,reservas_internacionales
2020-06-26,43200.0,1,reservas_internacionales
2020-06-25,43197.0,1,reservas_internacionales
2020-06-24,43217.0,1,reservas_internacionales
2020-06-23,43213.0,1,reservas_internacionales
2020-06-22,43202.0,1,reservas_internacionales
2020-06-19,43178.0,1,reservas_internacionales
2020-06-18,43123.0,1,reservas_internacionales
2020-06-17,43172.0,1,reservas_internacionales
2020-06-16,43170.0,1,reservas_internacionales
2020-06-12,43126.0,1,reservas_internacionales
2020-06-11,43122.0,1,reservas_internacionales
2020-06-10,43041.0,1,reservas_internacionales
2020-06-09,42988.0,1,reservas_internacionales
2020-06-08,42883.0,1,reservas_internacionales
2020-06-05,42814.0,1,reservas_internacionales
2020-06-04,42748.0,1,reservas_internacionales
2020-06-03,42670.0,1,reservas_internacionales
2020-06-02,42660.0,1,reservas_internacionales
2020-06-01,42609.0,1,reservas_internacionales
2020-05-29,42589.0,1,reservas_internacionales
2020-05-28,42448.0,1,reservas_internacionales
2020-05-27,42499.0,1,reservas_internacionales
2020-05-26,42629.0,1,reservas_internacionales
2020-05-22,42738.0,1,reservas_internacionales
2020-05-21,42839.0,1,reservas_internacionales
2020-05-20,42949.0,1,reservas_internacionales
2020-05-19,42980.0,1,reservas_internacionales
2020-05-18,43047.0,1,reservas_internacionales
2020-05-15,43137.0,1,reservas_internacionales
2020-05-14,43215.0,1,reservas_internacionales
2020-05-13,43263.0,1,reservas_internacionales
2020-05-12,43351.0,1,reservas_internacionales
2020-05-11,43348.0,1,reservas_internacionales
2020-05-08,43415.0,1,reservas_internacionales
2020-05-07,43411.0,1,reservas_internacionales
2020-05-06,43400.0,1,reservas_internacionales
2020-05-05,43589.0,1,reservas_internacionales
2020-05-04,43565.0,1,reservas_internacionales
2020-04-30,43568.0,1,reservas_internacionales
2020-04-29,43545.0,1,reservas_internacionales
2020-04-28,43590.0,1,reservas_internacionales
2020-04-27,43646.0,1,reservas_internacionales
2020-04-24,43696.0,1,reservas_internacionales
2020-04-23,43751.0,1,reservas_internacionales
2020-04-22,43735.0,1,reservas_internacionales
2020-04-21,43780.0,1,reservas_internacionales
2020-04-20,43826.0,1,reservas_internacionales
2020-04-17,43817.0,1,reservas_internacionales
2020-04-16,43852.0,1,reservas_internacionales
2020-04-15,43844.0,1,reservas_internacionales
2020-04-14,43886.0,1,reservas_internacionales
2020-04-13,43862.0,1,reservas_internacionales
2020-04-08,43804.0,1,reservas_internacionales
2020-04-07,43724.0,1,reservas_internacionales
2020-04-06,43702.0,1,reservas_internacionales
2020-04-03,43650.0,1,reservas_internacionales
2020-04-02,43631.0,1,reservas_internacionales
2020-04-01,43588.0,1,reservas_internacionales
2020-03-30,43561.0,1,reservas_internacionales
2020-03-27,43728.0,1,reservas_internacionales
2020-03-26,43862.0,1,reservas_internacionales
2020-03-25,43854.0,1,reservas_internacionales
2020-03-20,43822.0,1,reservas_internacionales
2020-03-19,43925.0,1,reservas_internacionales
2020-03-18,44040.0,1,reservas_internacionales
2020-03-17,44236.0,1,reservas_internacionales
2020-03-16,44308.0,1,reservas_internacionales
2020-03-13,44359.0,1,reservas_internacionales
2020-03-12,44439.0,1,reservas_internacionales
2020-03-11,44775.0,1,reservas_internacionales
2020-03-10,44785.0,1,reservas_internacionales
2020-03-09,44778.0,1,reservas_internacionales
2020-03-06,44857.0,1,reservas_internacionales
2020-03-05,44838.0,1,reservas_internacionales
2020-03-04,44832.0,1,reservas_internacionales
2020-03-03,44819.0,1,reservas_internacionales
2020-03-02,44803.0,1,reservas_internacionales
2020-02-28,44791.0,1,reservas_internacionales
2020-02-27,44791.0,1,reservas_internacionales
2020-02-26,44710.0,1,reservas_internacionales
2020-02-21,44726.0,1,reservas_internacionales
2020-02-20,44717.0,1,reservas_internacionales
2020-02-19,44705.0,1,reservas_internacionales
2020-02-18,44719.0,1,reservas_internacionales
2020-02-17,44758.0,1,reservas_internacionales
2020-02-14,44744.0,1,reservas_internacionales
2020-02-13,44719.0,1,reservas_internacionales
2020-02-12,44701.0,1,reservas_internacionales
2020-02-11,44688.0,1,reservas_internacionales
2020-02-10,44682.0,1,reservas_internacionales
2020-02-07,44675.0,1,reservas_internacionales
2020-02-06,44666.0,1,reservas_internacionales
2020-02-05,44645.0,1,reservas_internacionales
2020-02-04,44632.0,1,reservas_internacionales
2020-02-03,44770.0,1,reservas_internacionales
2020-01-31,44917.0,1,reservas_internacionales
2020-01-30,45014.0,1,reservas_internacionales
2020-01-29,45064.0,1,reservas_internacionales
2020-01-28,45105.0,1,reservas_internacionales
2020-01-27,45158.0,1,reservas_internacionales
2020-01-24,45243.0,1,reservas_internacionales
2020-01-23,45387.0,1,reservas_internacionales
2020-01-22,45421.0,1,reservas_internacionales
2020-01-21,45363.0,1,reservas_internacionales
2020-01-20,45457.0,1,reservas_internacionales
2020-01-17,45492.0,1,reservas_internacionales
2020-01-16,45364.0,1,reservas_internacionales
2020-01-15,45291.0,1,reservas_internacionales
2020-01-14,45078.0,1,reservas_internacionales
2020-01-13,45317.0,1,reservas_internacionales
2020-01-10,45376.0,1,reservas_internacionales
2020-01-09,45419.0,1,reservas_internacionales
2020-01-08,45162.0,1,reservas_internacionales
2020-01-07,45080.0,1,reservas_internacionales
2020-01-06,44904.0,1,reservas_internacionales
2020-01-03,44872.0,1,reservas_internacionales
2020-01-02,44839.0,1,reservas_internacionales
2026-08-11,1492.179,5,tc_mayorista
2026-08-10,1498.0939,5,tc_mayorista
2026-08-07,1498.4355,5,tc_mayorista
2026-08-06,1497.0062,5,tc_mayorista
2026-08-05,1496.3132,5,tc_mayorista
2026-08-04,1496.4509,5,tc_mayorista
2026-08-03,1493.4428,5,tc_mayorista
2026-07-31,1488.4531,5,tc_mayorista
2026-07-30,1490.8431,5,tc_mayorista
2026-07-29,1496.3521,5,tc_mayorista
2026-07-28,1499.8387,5,tc_mayorista
2026-07-27,1498.5117,5,tc_mayorista
2026-07-24,1494.3744,5,tc_mayorista
2026-07-23,1489.7656,5,tc_mayorista
2026-07-22,1480.8616,5,tc_mayorista
2026-07-21,1477.7,5,tc_mayorista
2026-07-20,1480.175,5,tc_mayorista
2026-07-17,1480.1223,5,tc_mayorista
2026-07-16,1474.7696,5,tc_mayorista
2026-07-15,1475.4431,5,tc_mayorista
2026-07-14,1474.7373,5,tc_mayorista
2026-07-13,1486.0549,5,tc_mayorista
2026-07-08,1490.9024,5,tc_mayorista
2026-07-07,1491.55,5,tc_mayorista
2026-07-06,1489.5949,5,tc_mayorista
2026-07-03,1488.5858,5,tc_mayorista
2026-07-02,1490.6754,5,tc_mayorista
2026-07-01,1487.769,5,tc_mayorista
2026-06-30,1483.0198,5,tc_mayorista
2026-06-29,1480.6598,5,tc_mayorista
2026-06-26,1474.7207,5,tc_mayorista
2026-06-25,1477.2991,5,tc_mayorista
2026-06-24,1478.0437,5,tc_mayorista
2026-06-23,1469.9138,5,tc_mayorista
2026-06-22,1457.3057,5,tc_mayorista
2026-06-19,1460.2498,5,tc_mayorista
2026-06-18,1449.5799,5,tc_mayorista
2026-06-17,1439.2199,5,tc_mayorista
2026-06-16,1432.6696,5,tc_mayorista
2026-06-12,1430.8092,5,tc_mayorista
2026-06-11,1429.0298,5,tc_mayorista
2026-06-10,1436.585,5,tc_mayorista
2026-06-09,1446.1668,5,tc_mayorista
2026-06-08,1445.3978,5,tc_mayorista
2026-06-05,1442.4148,5,tc_mayorista
2026-06-04,1438.8159,5,tc_mayorista
2026-06-03,1435.3812,5,tc_mayorista
2026-06-02,1426.9788,5,tc_mayorista
2026-06-01,1421.4672,5,tc_mayorista
2026-05-29,1410.2904,5,tc_mayorista
2026-05-28,1411.4054,5,tc_mayorista
2026-05-27,1411.1796,5,tc_mayorista
2026-05-26,1407.8893,5,tc_mayorista
2026-05-22,1393.5019,5,tc_mayorista
2026-05-21,1392.1705,5,tc_mayorista
2026-05-20,1398.8346,5,tc_mayorista
2026-05-19,1398.916,5,tc_mayorista
2026-05-18,1394.974,5,tc_mayorista
2026-05-15,1395.3478,5,tc_mayorista
2026-05-14,1393.2322,5,tc_mayorista
2026-05-13,1389.2073,5,tc_mayorista
2026-05-12,1386.5259,5,tc_mayorista
2026-05-11,1399.4749,5,tc_mayorista
2026-05-08,1394.1232,5,tc_mayorista
2026-05-07,1390.637,5,tc_mayorista
2026-05-06,1386.2923,5,tc_mayorista
2026-05-05,1395.1909,5,tc_mayorista
2026-05-04,1398.3143,5,tc_mayorista
2026-04-30,1381.0954,5,tc_mayorista
2026-04-29,1395.2866,5,tc_mayorista
2026-04-28,1408.1491,5,tc_mayorista
2026-04-27,1412.9865,5,tc_mayorista
2026-04-24,1397.2063,5,tc_mayorista
2026-04-23,1387.6961,5,tc_mayorista
2026-04-22,1378.1258,5,tc_mayorista
2026-04-21,1379.0516,5,tc_mayorista
2026-04-20,1372.7745,5,tc_mayorista
2026-04-17,1360.0307,5,tc_mayorista
2026-04-16,1352.9774,5,tc_mayorista
2026-04-15,1363.6566,5,tc_mayorista
2026-04-14,1358.522,5,tc_mayorista
2026-04-13,1362.8139,5,tc_mayorista
2026-04-10,1373.9033,5,tc_mayorista
2026-04-09,1383.2312,5,tc_mayorista
2026-04-08,1387.0308,5,tc_mayorista
2026-04-07,1395.0979,5,tc_mayorista
2026-04-06,1391.6887,5,tc_mayorista
2026-04-01,1387.7212,5,tc_mayorista
2026-03-31,1382.7578,5,tc_mayorista
2026-03-30,1394.9234,5,tc_mayorista
2026-03-27,1376.0989,5,tc_mayorista
2026-03-26,1370.2909,5,tc_mayorista
2026-03-25,1378.9689,5,tc_mayorista
2026-03-20,1393.438,5,tc_mayorista
2026-03-19,1395.5142,5,tc_mayorista
2026-03-18,1399.6042,5,tc_mayorista
2026-03-17,1395.5134,5,tc_mayorista
2026-03-16,1394.655,5,tc_mayorista
2026-03-13,1392.9851,5,tc_mayorista
2026-03-12,1399.6749,5,tc_mayorista
2026-03-11,1396.4528,5,tc_mayorista
2026-03-10,1402.3816,5,tc_mayorista
2026-03-09,1418.2781,5,tc_mayorista
2026-03-06,1413.8218,5,tc_mayorista
2026-03-05,1407.1504,5,tc_mayorista
2026-03-04,1401.5797,5,tc_mayorista
2026-03-03,1411.1067,5,tc_mayorista
2026-03-02,1401.5785,5,tc_mayorista
2026-02-27,1408.9662,5,tc_mayorista
2026-02-26,1408.6966,5,tc_mayorista
2026-02-25,1388.5847,5,tc_mayorista
2026-02-24,1377.0942,5,tc_mayorista
2026-02-23,1367.2357,5,tc_mayorista
2026-02-20,1384.205,5,tc_mayorista
2026-02-19,1391.9703,5,tc_mayorista
2026-02-18,1401.8091,5,tc_mayorista
2026-02-13,1395.4205,5,tc_mayorista
2026-02-12,1394.154,5,tc_mayorista
2026-02-11,1403.6981,5,tc_mayorista
2026-02-10,1405.427,5,tc_mayorista
2026-02-09,1423.3639,5,tc_mayorista
2026-02-06,1430.589,5,tc_mayorista
2026-02-05,1445.6242,5,tc_mayorista
2026-02-04,1447.6232,5,tc_mayorista
2026-02-03,1447.6651,5,tc_mayorista
2026-02-02,1451.701,5,tc_mayorista
2026-01-30,1447.6657,5,tc_mayorista
2026-01-29,1446.301,5,tc_mayorista
2026-01-28,1442.6959,5,tc_mayorista
2026-01-27,1441.3245,5,tc_mayorista
2026-01-26,1438.4603,5,tc_mayorista
2026-01-23,1433.1999,5,tc_mayorista
2026-01-22,1427.0331,5,tc_mayorista
2026-01-21,1429.7799,5,tc_mayorista
2026-01-20,1435.6263,5,tc_mayorista
2026-01-19,1432.6913,5,tc_mayorista
2026-01-16,1431.055,5,tc_mayorista
2026-01-15,1443.8584,5,tc_mayorista
2026-01-14,1454.3238,5,tc_mayorista
2026-01-13,1463.3168,5,tc_mayorista
2026-01-12,1466.646,5,tc_mayorista
2026-01-09,1466.4689,5,tc_mayorista
2026-01-08,1459.5816,5,tc_mayorista
2026-01-07,1466.0309,5,tc_mayorista
2026-01-06,1467.6208,5,tc_mayorista
2026-01-05,1472.7348,5,tc_mayorista
2026-01-02,1469.613,5,tc_mayorista
2025-12-30,1459.4167,5,tc_mayorista
2025-12-29,1454.9167,5,tc_mayorista
2025-12-26,1450.9167,5,tc_mayorista
2025-12-23,1450.5,5,tc_mayorista
2025-12-22,1450.4167,5,tc_mayorista
2025-12-19,1452.25,5,tc_mayorista
2025-12-18,1453.1667,5,tc_mayorista
2025-12-17,1448.5833,5,tc_mayorista
2025-12-16,1451.3333,5,tc_mayorista
2025-12-15,1439.8333,5,tc_mayorista
2025-12-12,1438.4167,5,tc_mayorista
2025-12-11,1438.25,5,tc_mayorista
2025-12-10,1439.4167,5,tc_mayorista
2025-12-09,1437.4167,5,tc_mayorista
2025-12-05,1438.5833,5,tc_mayorista
2025-12-04,1449.3333,5,tc_mayorista
2025-12-03,1453.5,5,tc_mayorista
2025-12-02,1453.5833,5,tc_mayorista
2025-12-01,1449.0833,5,tc_mayorista
2025-11-28,1450.75,5,tc_mayorista
2025-11-27,1448.0,5,tc_mayorista
2025-11-26,1448.5,5,tc_mayorista
2025-11-25,1442.8333,5,tc_mayorista
2025-11-20,1416.6667,5,tc_mayorista
2025-11-19,1402.5,5,tc_mayorista
2025-11-18,1388.0,5,tc_mayorista
2025-11-17,1401.0,5,tc_mayorista
2025-11-14,1405.0,5,tc_mayorista
2025-11-13,1408.8333,5,tc_mayorista
2025-11-12,1402.0,5,tc_mayorista
2025-11-11,1416.5,5,tc_mayorista
2025-11-10,1419.3333,5,tc_mayorista
2025-11-07,1441.5,5,tc_mayorista
2025-11-05,1447.5,5,tc_mayorista
2025-11-04,1473.1667,5,tc_mayorista
2025-11-03,1457.4167,5,tc_mayorista
2025-10-31,1443.0,5,tc_mayorista
2025-10-30,1433.6667,5,tc_mayorista
2025-10-29,1451.5,5,tc_mayorista
2025-10-28,1470.8333,5,tc_mayorista
2025-10-27,1378.9167,5,tc_mayorista
2025-10-24,1485.9167,5,tc_mayorista
2025-10-23,1484.0,5,tc_mayorista
2025-10-22,1487.0833,5,tc_mayorista
2025-10-21,1484.75,5,tc_mayorista
2025-10-20,1462.8333,5,tc_mayorista
2025-10-17,1439.5,5,tc_mayorista
2025-10-16,1387.1667,5,tc_mayorista
2025-10-15,1373.5,5,tc_mayorista
2025-10-14,1359.8333,5,tc_mayorista
2025-10-13,1347.6667,5,tc_mayorista
2025-10-09,1451.75,5,tc_mayorista
2025-10-08,1429.75,5,tc_mayorista
2025-10-07,1429.75,5,tc_mayorista
2025-10-06,1429.75,5,tc_mayorista
2025-10-03,1424.75,5,tc_mayorista
2025-10-02,1424.75,5,tc_mayorista
2025-10-01,1423.8333,5,tc_mayorista
2025-09-30,1366.5833,5,tc_mayorista
2025-09-29,1341.0,5,tc_mayorista
2025-09-26,1332.0,5,tc_mayorista
2025-09-25,1325.0833,5,tc_mayorista
2025-09-24,1343.3333,5,tc_mayorista
2025-09-23,1354.1667,5,tc_mayorista
2025-09-22,1425.6667,5,tc_mayorista
2025-09-19,1474.75,5,tc_mayorista
2025-09-18,1474.25,5,tc_mayorista
2025-09-17,1471.4167,5,tc_mayorista
2025-09-16,1464.6667,5,tc_mayorista
2025-09-15,1462.0,5,tc_mayorista
2025-09-12,1447.1667,5,tc_mayorista
2025-09-11,1427.5833,5,tc_mayorista
2025-09-10,1419.9167,5,tc_mayorista
2025-09-09,1418.6667,5,tc_mayorista
2025-09-08,1422.1667,5,tc_mayorista
2025-09-05,1365.4167,5,tc_mayorista
2025-09-04,1362.3333,5,tc_mayorista
2025-09-03,1360.1667,5,tc_mayorista
2025-09-02,1368.25,5,tc_mayorista
2025-09-01,1371.1667,5,tc_mayorista
2025-08-29,1323.8333,5,tc_mayorista
2025-08-28,1343.6667,5,tc_mayorista
2025-08-27,1359.4167,5,tc_mayorista
2025-08-26,1352.3333,5,tc_mayorista
2025-08-25,1344.1667,5,tc_mayorista
2025-08-22,1321.5833,5,tc_mayorista
2025-08-21,1309.25,5,tc_mayorista
2025-08-20,1298.5,5,tc_mayorista
2025-08-19,1292.3333,5,tc_mayorista
2025-08-18,1298.8333,5,tc_mayorista
2025-08-14,1308.3333,5,tc_mayorista
2025-08-13,1318.0,5,tc_mayorista
2025-08-12,1321.5,5,tc_mayorista
2025-08-11,1330.5,5,tc_mayorista
2025-08-08,1329.4167,5,tc_mayorista
2025-08-07,1331.0833,5,tc_mayorista
2025-08-06,1333.6667,5,tc_mayorista
2025-08-05,1351.1667,5,tc_mayorista
2025-08-04,1361.8333,5,tc_mayorista
2025-08-01,1361.3333,5,tc_mayorista
2025-07-31,1351.8333,5,tc_mayorista
2025-07-30,1294.1667,5,tc_mayorista
2025-07-29,1296.6667,5,tc_mayorista
2025-07-28,1287.3333,5,tc_mayorista
2025-07-25,1277.75,5,tc_mayorista
2025-07-24,1262.0,5,tc_mayorista
2025-07-23,1259.6667,5,tc_mayorista
2025-07-22,1266.1667,5,tc_mayorista
2025-07-21,1286.0,5,tc_mayorista
2025-07-18,1283.8333,5,tc_mayorista
2025-07-17,1266.25,5,tc_mayorista
2025-07-16,1259.9167,5,tc_mayorista
2025-07-15,1277.0,5,tc_mayorista
2025-07-14,1266.1667,5,tc_mayorista
2025-07-11,1261.5833,5,tc_mayorista
2025-07-10,1261.1667,5,tc_mayorista
2025-07-08,1258.0,5,tc_mayorista
2025-07-07,1257.9167,5,tc_mayorista
2025-07-04,1239.8333,5,tc_mayorista
2025-07-03,1226.9167,5,tc_mayorista
2025-07-02,1231.3333,5,tc_mayorista
2025-07-01,1203.0,5,tc_mayorista
2025-06-30,1194.0833,5,tc_mayorista
2025-06-27,1189.8333,5,tc_mayorista
2025-06-26,1194.6667,5,tc_mayorista
2025-06-25,1176.3333,5,tc_mayorista
2025-06-24,1176.0,5,tc_mayorista
2025-06-23,1167.3333,5,tc_mayorista
2025-06-19,1156.1667,5,tc_mayorista
2025-06-18,1151.0,5,tc_mayorista
2025-06-17,1180.0833,5,tc_mayorista
2025-06-13,1187.6667,5,tc_mayorista
2025-06-12,1185.5,5,tc_mayorista
2025-06-11,1184.5,5,tc_mayorista
2025-06-10,1187.0,5,tc_mayorista
2025-06-09,1186.4167,5,tc_mayorista
2025-06-06,1190.0,5,tc_mayorista
2025-06-05,1189.6667,5,tc_mayorista
2025-06-04,1184.3333,5,tc_mayorista
2025-06-03,1184.0,5,tc_mayorista
2025-06-02,1181.1667,5,tc_mayorista
2025-05-30,1195.3333,5,tc_mayorista
2025-05-29,1174.5,5,tc_mayorista
2025-05-28,1161.0,5,tc_mayorista
2025-05-27,1148.0,5,tc_mayorista
2025-05-26,1139.8333,5,tc_mayorista
2025-05-23,1137.0,5,tc_mayorista
2025-05-22,1143.5833,5,tc_mayorista
2025-05-21,1145.0,5,tc_mayorista
2025-05-20,1142.0,5,tc_mayorista
2025-05-19,1134.25,5,tc_mayorista
2025-05-16,1146.1667,5,tc_mayorista
2025-05-15,1135.5,5,tc_mayorista
2025-05-14,1129.8333,5,tc_mayorista
2025-05-13,1125.6667,5,tc_mayorista
2025-05-12,1126.0,5,tc_mayorista
2025-05-09,1113.5833,5,tc_mayorista
2025-05-08,1117.5,5,tc_mayorista
2025-05-07,1153.5,5,tc_mayorista
2025-05-06,1203.8333,5,tc_mayorista
2025-05-05,1178.5,5,tc_mayorista
2025-04-30,1172.0,5,tc_mayorista
2025-04-29,1170.6667,5,tc_mayorista
2025-04-28,1163.1667,5,tc_mayorista
2025-04-25,1174.1667,5,tc_mayorista
2025-04-24,1176.4167,5,tc_mayorista
2025-04-23,1122.5,5,tc_mayorista
2025-04-22,1093.3333,5,tc_mayorista
2025-04-21,1070.4167,5,tc_mayorista
2025-04-16,1172.8333,5,tc_mayorista
2025-04-15,1200.8333,5,tc_mayorista
2025-04-14,1182.4167,5,tc_mayorista
2025-04-11,1078.375,5,tc_mayorista
2025-04-10,1077.375,5,tc_mayorista
2025-04-09,1077.125,5,tc_mayorista
2025-04-08,1076.5833,5,tc_mayorista
2025-04-07,1076.3333,5,tc_mayorista
2025-04-04,1075.875,5,tc_mayorista
2025-04-03,1074.8333,5,tc_mayorista
2025-04-01,1074.5417,5,tc_mayorista
2025-03-31,1073.875,5,tc_mayorista
2025-03-28,1073.375,5,tc_mayorista
2025-03-27,1072.2917,5,tc_mayorista
2025-03-26,1072.0833,5,tc_mayorista
2025-03-25,1071.5833,5,tc_mayorista
2025-03-21,1071.3333,5,tc_mayorista
2025-03-20,1069.8333,5,tc_mayorista
2025-03-19,1069.625,5,tc_mayorista
2025-03-18,1069.125,5,tc_mayorista
2025-03-17,1068.9167,5,tc_mayorista
2025-03-14,1068.5417,5,tc_mayorista
2025-03-13,1067.125,5,tc_mayorista
2025-03-12,1066.875,5,tc_mayorista
2025-03-11,1066.6667,5,tc_mayorista
2025-03-10,1066.3333,5,tc_mayorista
2025-03-07,1066.0417,5,tc_mayorista
2025-03-06,1064.625,5,tc_mayorista
2025-03-05,1064.375,5,tc_mayorista
2025-02-28,1064.375,5,tc_mayorista
2025-02-27,1062.375,5,tc_mayorista
2025-02-26,1061.875,5,tc_mayorista
2025-02-25,1061.625,5,tc_mayorista
2025-02-24,1061.125,5,tc_mayorista
2025-02-21,1060.875,5,tc_mayorista
2025-02-20,1059.875,5,tc_mayorista
2025-02-19,1059.375,5,tc_mayorista
2025-02-18,1059.1667,5,tc_mayorista
2025-02-17,1059.0833,5,tc_mayorista
2025-02-14,1058.5,5,tc_mayorista
2025-02-13,1057.4583,5,tc_mayorista
2025-02-12,1056.875,5,tc_mayorista
2025-02-11,1056.625,5,tc_mayorista
2025-02-10,1056.375,5,tc_mayorista
2025-02-07,1055.9167,5,tc_mayorista
2025-02-06,1054.875,5,tc_mayorista
2025-02-05,1054.7083,5,tc_mayorista
2025-02-04,1054.25,5,tc_mayorista
2025-02-03,1053.9167,5,tc_mayorista
2025-01-31,1053.5,5,tc_mayorista
2025-01-30,1052.5,5,tc_mayorista
2025-01-29,1051.5833,5,tc_mayorista
2025-01-28,1050.9167,5,tc_mayorista
2025-01-27,1050.5,5,tc_mayorista
2025-01-24,1049.5833,5,tc_mayorista
2025-01-23,1047.6667,5,tc_mayorista
2025-01-22,1047.25,5,tc_mayorista
2025-01-21,1045.9167,5,tc_mayorista
2025-01-20,1045.25,5,tc_mayorista
2025-01-17,1044.5,5,tc_mayorista
2025-01-16,1042.25,5,tc_mayorista
2025-01-15,1041.75,5,tc_mayorista
2025-01-14,1041.25,5,tc_mayorista
2025-01-13,1040.25,5,tc_mayorista
2025-01-10,1039.75,5,tc_mayorista
2025-01-09,1037.75,5,tc_mayorista
2025-01-08,1036.75,5,tc_mayorista
2025-01-07,1036.25,5,tc_mayorista
2025-01-06,1035.75,5,tc_mayorista
2025-01-03,1034.75,5,tc_mayorista
2025-01-02,1032.75,5,tc_mayorista
2024-12-30,1032.5,5,tc_mayorista
2024-12-27,1030.5,5,tc_mayorista
2024-12-26,1029.0,5,tc_mayorista
2024-12-23,1027.75,5,tc_mayorista
2024-12-20,1025.4167,5,tc_mayorista
2024-12-19,1023.25,5,tc_mayorista
2024-12-18,1022.75,5,tc_mayorista
2024-12-17,1021.8333,5,tc_mayorista
2024-12-16,1021.25,5,tc_mayorista
2024-12-13,1020.75,5,tc_mayorista
2024-12-12,1018.75,5,tc_mayorista
2024-12-11,1017.75,5,tc_mayorista
2024-12-10,1017.25,5,tc_mayorista
2024-12-09,1016.75,5,tc_mayorista
2024-12-06,1015.75,5,tc_mayorista
2024-12-05,1013.8333,5,tc_mayorista
2024-12-04,1013.25,5,tc_mayorista
2024-12-03,1013.1667,5,tc_mayorista
2024-12-02,1011.9167,5,tc_mayorista
2024-11-29,1011.75,5,tc_mayorista
2024-11-28,1009.25,5,tc_mayorista
2024-11-27,1008.75,5,tc_mayorista
2024-11-26,1007.75,5,tc_mayorista
2024-11-25,1007.25,5,tc_mayorista
2024-11-22,1006.75,5,tc_mayorista
2024-11-21,1004.75,5,tc_mayorista
2024-11-20,1003.75,5,tc_mayorista
2024-11-19,1003.25,5,tc_mayorista
2024-11-15,1002.75,5,tc_mayorista
2024-11-14,999.75,5,tc_mayorista
2024-11-13,999.25,5,tc_mayorista
2024-11-12,998.75,5,tc_mayorista
2024-11-11,997.75,5,tc_mayorista
2024-11-08,997.25,5,tc_mayorista
2024-11-07,995.3333,5,tc_mayorista
2024-11-05,994.75,5,tc_mayorista
2024-11-04,993.3333,5,tc_mayorista
2024-11-01,992.75,5,tc_mayorista
2024-10-31,990.75,5,tc_mayorista
2024-10-30,990.25,5,tc_mayorista
2024-10-29,989.25,5,tc_mayorista
2024-10-28,988.8333,5,tc_mayorista
2024-10-25,988.3333,5,tc_mayorista
2024-10-24,986.3333,5,tc_mayorista
2024-10-23,985.9167,5,tc_mayorista
2024-10-22,984.8333,5,tc_mayorista
2024-10-21,984.4167,5,tc_mayorista
2024-10-18,983.8333,5,tc_mayorista
2024-10-17,981.75,5,tc_mayorista
2024-10-16,981.5833,5,tc_mayorista
2024-10-15,980.5833,5,tc_mayorista
2024-10-14,980.1667,5,tc_mayorista
2024-10-10,979.4167,5,tc_mayorista
2024-10-09,976.25,5,tc_mayorista
2024-10-08,975.9167,5,tc_mayorista
2024-10-07,975.5,5,tc_mayorista
2024-10-04,974.8333,5,tc_mayorista
2024-10-03,972.75,5,tc_mayorista
2024-10-02,971.75,5,tc_mayorista
2024-10-01,971.25,5,tc_mayorista
2024-09-30,970.9167,5,tc_mayorista
2024-09-27,970.5833,5,tc_mayorista
2024-09-26,968.75,5,tc_mayorista
2024-09-25,967.9167,5,tc_mayorista
2024-09-24,966.75,5,tc_mayorista
2024-09-23,966.3333,5,tc_mayorista
2024-09-20,965.75,5,tc_mayorista
2024-09-19,963.75,5,tc_mayorista
2024-09-18,963.3333,5,tc_mayorista
2024-09-17,962.4167,5,tc_mayorista
2024-09-16,962.0833,5,tc_mayorista
2024-09-13,961.75,5,tc_mayorista
2024-09-12,959.6667,5,tc_mayorista
2024-09-11,958.9167,5,tc_mayorista
2024-09-10,958.1667,5,tc_mayorista
2024-09-09,957.75,5,tc_mayorista
2024-09-06,957.1667,5,tc_mayorista
2024-09-05,954.9167,5,tc_mayorista
2024-09-04,954.5,5,tc_mayorista
2024-09-03,954.1667,5,tc_mayorista
2024-09-02,952.75,5,tc_mayorista
2024-08-30,952.8333,5,tc_mayorista
2024-08-29,950.6667,5,tc_mayorista
2024-08-28,950.0833,5,tc_mayorista
2024-08-27,949.75,5,tc_mayorista
2024-08-26,949.0833,5,tc_mayorista
2024-08-23,948.1667,5,tc_mayorista
2024-08-22,946.25,5,tc_mayorista
2024-08-21,945.3333,5,tc_mayorista
2024-08-20,944.8333,5,tc_mayorista
2024-08-19,944.3333,5,tc_mayorista
2024-08-16,944.0,5,tc_mayorista
2024-08-15,942.0,5,tc_mayorista
2024-08-14,941.6667,5,tc_mayorista
2024-08-13,940.3333,5,tc_mayorista
2024-08-12,939.8333,5,tc_mayorista
2024-08-09,939.6667,5,tc_mayorista
2024-08-08,937.5833,5,tc_mayorista
2024-08-07,937.0833,5,tc_mayorista
2024-08-06,936.5,5,tc_mayorista
2024-08-05,935.75,5,tc_mayorista
2024-08-02,935.0833,5,tc_mayorista
2024-08-01,933.4167,5,tc_mayorista
2024-07-31,932.75,5,tc_mayorista
2024-07-30,932.25,5,tc_mayorista
2024-07-29,931.75,5,tc_mayorista
2024-07-26,931.5833,5,tc_mayorista
2024-07-25,929.1667,5,tc_mayorista
2024-07-24,928.6667,5,tc_mayorista
2024-07-23,927.3333,5,tc_mayorista
2024-07-22,927.0833,5,tc_mayorista
2024-07-19,926.75,5,tc_mayorista
2024-07-18,924.75,5,tc_mayorista
2024-07-17,923.8333,5,tc_mayorista
2024-07-16,923.5,5,tc_mayorista
2024-07-15,922.9167,5,tc_mayorista
2024-07-12,921.75,5,tc_mayorista
2024-07-11,920.5,5,tc_mayorista
2024-07-10,919.8333,5,tc_mayorista
2024-07-08,918.9167,5,tc_mayorista
2024-07-05,918.25,5,tc_mayorista
2024-07-04,915.9167,5,tc_mayorista
2024-07-03,915.6667,5,tc_mayorista
2024-07-02,915.1667,5,tc_mayorista
2024-07-01,914.5,5,tc_mayorista
2024-06-28,911.75,5,tc_mayorista
2024-06-27,911.5833,5,tc_mayorista
2024-06-26,910.75,5,tc_mayorista
2024-06-25,909.6667,5,tc_mayorista
2024-06-24,909.0833,5,tc_mayorista
2024-06-19,906.0,5,tc_mayorista
2024-06-18,905.4167,5,tc_mayorista
2024-06-14,902.6667,5,tc_mayorista
2024-06-13,902.5833,5,tc_mayorista
2024-06-12,902.25,5,tc_mayorista
2024-06-11,902.1667,5,tc_mayorista
2024-06-10,901.1667,5,tc_mayorista
2024-06-07,899.0833,5,tc_mayorista
2024-06-06,898.5,5,tc_mayorista
2024-06-05,898.25,5,tc_mayorista
2024-06-04,896.9167,5,tc_mayorista
2024-06-03,896.4167,5,tc_mayorista
2024-05-31,895.25,5,tc_mayorista
2024-05-30,894.25,5,tc_mayorista
2024-05-29,893.75,5,tc_mayorista
2024-05-28,893.25,5,tc_mayorista
2024-05-27,892.75,5,tc_mayorista
2024-05-24,890.75,5,tc_mayorista
2024-05-23,890.25,5,tc_mayorista
2024-05-22,889.75,5,tc_mayorista
2024-05-21,889.25,5,tc_mayorista
2024-05-20,888.75,5,tc_mayorista
2024-05-17,886.75,5,tc_mayorista
2024-05-16,886.25,5,tc_mayorista
2024-05-15,885.75,5,tc_mayorista
2024-05-14,885.25,5,tc_mayorista
2024-05-13,884.25,5,tc_mayorista
2024-05-10,882.75,5,tc_mayorista
2024-05-09,882.25,5,tc_mayorista
2024-05-08,881.75,5,tc_mayorista
2024-05-07,880.75,5,tc_mayorista
2024-05-06,880.25,5,tc_mayorista
2024-05-03,878.75,5,tc_mayorista
2024-05-02,878.25,5,tc_mayorista
2024-04-30,876.75,5,tc_mayorista
2024-04-29,876.4167,5,tc_mayorista
2024-04-26,874.75,5,tc_mayorista
2024-04-25,873.75,5,tc_mayorista
2024-04-24,873.25,5,tc_mayorista
2024-04-23,872.75,5,tc_mayorista
2024-04-22,872.25,5,tc_mayorista
2024-04-19,870.75,5,tc_mayorista
2024-04-18,869.75,5,tc_mayorista
2024-04-17,869.25,5,tc_mayorista
2024-04-16,868.75,5,tc_mayorista
2024-04-15,868.25,5,tc_mayorista
2024-04-12,866.75,5,tc_mayorista
2024-04-11,865.75,5,tc_mayorista
2024-04-10,865.25,5,tc_mayorista
2024-04-09,864.75,5,tc_mayorista
2024-04-08,864.25,5,tc_mayorista
2024-04-05,862.75,5,tc_mayorista
2024-04-04,861.75,5,tc_mayorista
2024-04-03,861.25,5,tc_mayorista
2024-03-27,857.4167,5,tc_mayorista
2024-03-26,856.75,5,tc_mayorista
2024-03-25,856.25,5,tc_mayorista
2024-03-22,854.75,5,tc_mayorista
2024-03-21,854.25,5,tc_mayorista
2024-03-20,853.25,5,tc_mayorista
2024-03-19,852.75,5,tc_mayorista
2024-03-18,852.25,5,tc_mayorista
2024-03-15,850.75,5,tc_mayorista
2024-03-14,850.25,5,tc_mayorista
2024-03-13,849.75,5,tc_mayorista
2024-03-12,848.75,5,tc_mayorista
2024-03-11,848.25,5,tc_mayorista
2024-03-08,846.75,5,tc_mayorista
2024-03-07,846.25,5,tc_mayorista
2024-03-06,845.75,5,tc_mayorista
2024-03-05,845.25,5,tc_mayorista
2024-03-04,844.25,5,tc_mayorista
2024-03-01,842.75,5,tc_mayorista
2024-02-29,842.25,5,tc_mayorista
2024-02-28,841.75,5,tc_mayorista
2024-02-27,841.15,5,tc_mayorista
2024-02-26,840.65,5,tc_mayorista
2024-02-23,838.95,5,tc_mayorista
2024-02-22,838.35,5,tc_mayorista
2024-02-21,837.85,5,tc_mayorista
2024-02-20,837.25,5,tc_mayorista
2024-02-19,836.75,5,tc_mayorista
2024-02-16,835.05,5,tc_mayorista
2024-02-15,834.5667,5,tc_mayorista
2024-02-14,833.95,5,tc_mayorista
2024-02-09,831.25,5,tc_mayorista
2024-02-08,830.65,5,tc_mayorista
2024-02-07,830.15,5,tc_mayorista
2024-02-06,829.55,5,tc_mayorista
2024-02-05,829.05,5,tc_mayorista
2024-02-02,827.35,5,tc_mayorista
2024-02-01,826.85,5,tc_mayorista
2024-01-31,826.25,5,tc_mayorista
2024-01-30,825.75,5,tc_mayorista
2024-01-29,825.25,5,tc_mayorista
2024-01-26,823.55,5,tc_mayorista
2024-01-25,823.05,5,tc_mayorista
2024-01-24,822.45,5,tc_mayorista
2024-01-23,821.95,5,tc_mayorista
2024-01-22,821.45,5,tc_mayorista
2024-01-19,819.75,5,tc_mayorista
2024-01-18,819.25,5,tc_mayorista
2024-01-17,818.65,5,tc_mayorista
2024-01-16,818.15,5,tc_mayorista
2024-01-15,817.65,5,tc_mayorista
2024-01-12,816.05,5,tc_mayorista
2024-01-11,815.45,5,tc_mayorista
2024-01-10,814.95,5,tc_mayorista
2024-01-09,814.35,5,tc_mayorista
2024-01-08,813.85,5,tc_mayorista
2024-01-05,812.25,5,tc_mayorista
2024-01-04,811.75,5,tc_mayorista
2024-01-03,811.15,5,tc_mayorista
2024-01-02,810.65,5,tc_mayorista
2023-12-29,808.4833,5,tc_mayorista
2023-12-28,807.975,5,tc_mayorista
2023-12-27,807.425,5,tc_mayorista
2023-12-26,806.8833,5,tc_mayorista
2023-12-22,804.775,5,tc_mayorista
2023-12-21,804.225,5,tc_mayorista
2023-12-20,803.725,5,tc_mayorista
2023-12-19,803.175,5,tc_mayorista
2023-12-18,802.625,5,tc_mayorista
2023-12-15,801.075,5,tc_mayorista
2023-12-14,800.525,5,tc_mayorista
2023-12-13,799.975,5,tc_mayorista
2023-12-12,366.5,5,tc_mayorista
2023-12-11,366.0,5,tc_mayorista
2023-12-07,364.4083,5,tc_mayorista
2023-12-06,363.55,5,tc_mayorista
2023-12-05,363.025,5,tc_mayorista
2023-12-04,362.525,5,tc_mayorista
2023-12-01,361.025,5,tc_mayorista
2023-11-30,360.525,5,tc_mayorista
2023-11-29,360.0083,5,tc_mayorista
2023-11-28,359.525,5,tc_mayorista
2023-11-27,359.025,5,tc_mayorista
2023-11-24,357.525,5,tc_mayorista
2023-11-23,357.0083,5,tc_mayorista
2023-11-22,356.5083,5,tc_mayorista
2023-11-21,356.025,5,tc_mayorista
2023-11-17,354.0083,5,tc_mayorista
2023-11-16,353.475,5,tc_mayorista
2023-11-15,353.0083,5,tc_mayorista
2023-11-14,350.025,5,tc_mayorista
2023-11-13,350.025,5,tc_mayorista
2023-11-10,350.0,5,tc_mayorista
2023-11-09,350.025,5,tc_mayorista
2023-11-08,350.025,5,tc_mayorista
2023-11-07,350.025,5,tc_mayorista
2023-11-03,350.025,5,tc_mayorista
2023-11-02,350.025,5,tc_mayorista
2023-11-01,349.9917,5,tc_mayorista
2023-10-31,350.0083,5,tc_mayorista
2023-10-30,350.025,5,tc_mayorista
2023-10-27,350.0083,5,tc_mayorista
2023-10-26,350.0083,5,tc_mayorista
2023-10-25,350.0167,5,tc_mayorista
2023-10-24,350.025,5,tc_mayorista
2023-10-23,350.0,5,tc_mayorista
2023-10-20,350.025,5,tc_mayorista
2023-10-19,350.025,5,tc_mayorista
2023-10-18,350.025,5,tc_mayorista
2023-10-17,350.0167,5,tc_mayorista
2023-10-12,350.025,5,tc_mayorista
2023-10-11,350.025,5,tc_mayorista
2023-10-10,350.025,5,tc_mayorista
2023-10-09,350.025,5,tc_mayorista
2023-10-06,350.025,5,tc_mayorista
2023-10-05,350.025,5,tc_mayorista
2023-10-04,350.025,5,tc_mayorista
2023-10-03,350.025,5,tc_mayorista
2023-10-02,350.025,5,tc_mayorista
2023-09-29,350.0083,5,tc_mayorista
2023-09-28,350.025,5,tc_mayorista
2023-09-27,350.025,5,tc_mayorista
2023-09-26,350.025,5,tc_mayorista
2023-09-25,350.0083,5,tc_mayorista
2023-09-22,350.025,5,tc_mayorista
2023-09-21,349.9833,5,tc_mayorista
2023-09-20,350.0,5,tc_mayorista
2023-09-19,349.9833,5,tc_mayorista
2023-09-18,349.9917,5,tc_mayorista
2023-09-15,349.9917,5,tc_mayorista
2023-09-14,349.975,5,tc_mayorista
2023-09-13,349.975,5,tc_mayorista
2023-09-12,349.975,5,tc_mayorista
2023-09-11,349.9833,5,tc_mayorista
2023-09-08,349.975,5,tc_mayorista
2023-09-07,349.9917,5,tc_mayorista
2023-09-06,350.0,5,tc_mayorista
2023-09-05,349.9917,5,tc_mayorista
2023-09-04,350.025,5,tc_mayorista
2023-09-01,350.0,5,tc_mayorista
2023-08-31,350.0167,5,tc_mayorista
2023-08-30,349.975,5,tc_mayorista
2023-08-29,349.975,5,tc_mayorista
2023-08-28,349.9917,5,tc_mayorista
2023-08-25,349.975,5,tc_mayorista
2023-08-24,349.975,5,tc_mayorista
2023-08-23,349.975,5,tc_mayorista
2023-08-22,350.0083,5,tc_mayorista
2023-08-18,350.0167,5,tc_mayorista
2023-08-17,349.975,5,tc_mayorista
2023-08-16,350.0,5,tc_mayorista
2023-08-15,350.0083,5,tc_mayorista
2023-08-14,349.975,5,tc_mayorista
2023-08-11,287.2917,5,tc_mayorista
2023-08-10,286.1917,5,tc_mayorista
2023-08-09,285.175,5,tc_mayorista
2023-08-08,284.1917,5,tc_mayorista
2023-08-07,283.15,5,tc_mayorista
2023-08-04,279.3167,5,tc_mayorista
2023-08-03,278.2833,5,tc_mayorista
2023-08-02,277.3417,5,tc_mayorista
2023-08-01,276.1417,5,tc_mayorista
2023-07-31,275.2833,5,tc_mayorista
2023-07-28,273.6333,5,tc_mayorista
2023-07-27,273.0,5,tc_mayorista
2023-07-26,272.4,5,tc_mayorista
2023-07-25,271.6667,5,tc_mayorista
2023-07-24,271.1917,5,tc_mayorista
2023-07-21,269.4167,5,tc_mayorista
2023-07-20,268.775,5,tc_mayorista
2023-07-19,268.225,5,tc_mayorista
2023-07-18,267.5833,5,tc_mayorista
2023-07-17,266.7917,5,tc_mayorista
2023-07-14,265.1417,5,tc_mayorista
2023-07-13,264.5167,5,tc_mayorista
2023-07-12,263.9333,5,tc_mayorista
2023-07-11,263.3167,5,tc_mayorista
2023-07-10,262.65,5,tc_mayorista
2023-07-07,260.9833,5,tc_mayorista
2023-07-06,260.325,5,tc_mayorista
2023-07-05,259.8,5,tc_mayorista
2023-07-04,259.15,5,tc_mayorista
2023-07-03,257.975,5,tc_mayorista
2023-06-30,256.675,5,tc_mayorista
2023-06-29,256.2417,5,tc_mayorista
2023-06-28,255.8417,5,tc_mayorista
2023-06-27,255.1667,5,tc_mayorista
2023-06-26,254.5417,5,tc_mayorista
2023-06-23,252.9917,5,tc_mayorista
2023-06-22,252.5083,5,tc_mayorista
2023-06-21,252.0083,5,tc_mayorista
2023-06-16,249.1583,5,tc_mayorista
2023-06-15,248.5833,5,tc_mayorista
2023-06-14,247.8,5,tc_mayorista
2023-06-13,247.2917,5,tc_mayorista
2023-06-12,246.7833,5,tc_mayorista
2023-06-09,244.9667,5,tc_mayorista
2023-06-08,244.3333,5,tc_mayorista
2023-06-07,243.8083,5,tc_mayorista
2023-06-06,243.175,5,tc_mayorista
2023-06-05,242.55,5,tc_mayorista
2023-06-02,240.7417,5,tc_mayorista
2023-06-01,240.0667,5,tc_mayorista
2023-05-31,239.325,5,tc_mayorista
2023-05-30,238.7917,5,tc_mayorista
2023-05-29,238.2583,5,tc_mayorista
2023-05-24,235.6333,5,tc_mayorista
2023-05-23,234.9167,5,tc_mayorista
2023-05-22,234.4083,5,tc_mayorista
2023-05-19,232.7417,5,tc_mayorista
2023-05-18,232.2417,5,tc_mayorista
2023-05-17,231.65,5,tc_mayorista
2023-05-16,231.175,5,tc_mayorista
2023-05-15,230.6417,5,tc_mayorista
2023-05-12,229.3333,5,tc_mayorista
2023-05-11,228.9917,5,tc_mayorista
2023-05-10,228.5083,5,tc_mayorista
2023-05-09,228.0583,5,tc_mayorista
2023-05-08,227.575,5,tc_mayorista
2023-05-05,226.1917,5,tc_mayorista
2023-05-04,225.6583,5,tc_mayorista
2023-05-03,225.0917,5,tc_mayorista
2023-05-02,224.625,5,tc_mayorista
2023-04-28,222.575,5,tc_mayorista
2023-04-27,222.02,5,tc_mayorista
2023-04-26,221.5517,5,tc_mayorista
2023-04-25,220.8733,5,tc_mayorista
2023-04-24,220.235,5,tc_mayorista
2023-04-21,218.5083,5,tc_mayorista
2023-04-20,218.025,5,tc_mayorista
2023-04-19,217.47,5,tc_mayorista
2023-04-18,216.8883,5,tc_mayorista
2023-04-17,216.3583,5,tc_mayorista
2023-04-14,215.095,5,tc_mayorista
2023-04-13,214.665,5,tc_mayorista
2023-04-12,214.25,5,tc_mayorista
2023-04-11,213.7983,5,tc_mayorista
2023-04-10,213.3283,5,tc_mayorista
2023-04-05,211.235,5,tc_mayorista
2023-04-04,210.8,5,tc_mayorista
2023-04-03,210.33,5,tc_mayorista
2023-03-31,208.9883,5,tc_mayorista
2023-03-30,208.5983,5,tc_mayorista
2023-03-29,208.2533,5,tc_mayorista
2023-03-28,207.84,5,tc_mayorista
2023-03-27,207.4017,5,tc_mayorista
2023-03-23,205.79,5,tc_mayorista
2023-03-22,205.395,5,tc_mayorista
2023-03-21,204.9633,5,tc_mayorista
2023-03-20,204.4967,5,tc_mayorista
2023-03-17,203.34,5,tc_mayorista
2023-03-16,202.955,5,tc_mayorista
2023-03-15,202.5217,5,tc_mayorista
2023-03-14,202.1483,5,tc_mayorista
2023-03-13,201.8017,5,tc_mayorista
2023-03-10,200.7217,5,tc_mayorista
2023-03-09,200.3567,5,tc_mayorista
2023-03-08,200.0267,5,tc_mayorista
2023-03-07,199.6717,5,tc_mayorista
2023-03-06,199.345,5,tc_mayorista
2023-03-03,198.26,5,tc_mayorista
2023-03-02,197.8867,5,tc_mayorista
2023-03-01,197.56,5,tc_mayorista
2023-02-28,197.1533,5,tc_mayorista
2023-02-27,196.8117,5,tc_mayorista
2023-02-24,195.7383,5,tc_mayorista
2023-02-23,195.35,5,tc_mayorista
2023-02-22,194.98,5,tc_mayorista
2023-02-17,193.1933,5,tc_mayorista
2023-02-16,192.7833,5,tc_mayorista
2023-02-15,192.375,5,tc_mayorista
2023-02-14,192.02,5,tc_mayorista
2023-02-13,191.64,5,tc_mayorista
2023-02-10,190.5283,5,tc_mayorista
2023-02-09,190.2033,5,tc_mayorista
2023-02-08,189.8633,5,tc_mayorista
2023-02-07,189.4567,5,tc_mayorista
2023-02-06,189.095,5,tc_mayorista
2023-02-03,187.95,5,tc_mayorista
2023-02-02,187.6133,5,tc_mayorista
2023-02-01,187.3083,5,tc_mayorista
2023-01-31,186.875,5,tc_mayorista
2023-01-30,186.5783,5,tc_mayorista
2023-01-27,185.63,5,tc_mayorista
2023-01-26,185.315,5,tc_mayorista
2023-01-25,185.005,5,tc_mayorista
2023-01-24,184.6867,5,tc_mayorista
2023-01-23,184.3733,5,tc_mayorista
2023-01-20,183.4367,5,tc_mayorista
2023-01-19,183.125,5,tc_mayorista
2023-01-18,182.8033,5,tc_mayorista
2023-01-17,182.4917,5,tc_mayorista
2023-01-16,182.1633,5,tc_mayorista
2023-01-13,181.28,5,tc_mayorista
2023-01-12,180.97,5,tc_mayorista
2023-01-11,180.6883,5,tc_mayorista
2023-01-10,180.4017,5,tc_mayorista
2023-01-09,180.1367,5,tc_mayorista
2023-01-06,179.2433,5,tc_mayorista
2023-01-05,178.94,5,tc_mayorista
2023-01-04,178.6533,5,tc_mayorista
2023-01-03,178.4317,5,tc_mayorista
2023-01-02,178.1417,5,tc_mayorista
2022-12-30,177.1283,5,tc_mayorista
2022-12-29,176.7433,5,tc_mayorista
2022-12-28,176.38,5,tc_mayorista
2022-12-27,176.0717,5,tc_mayorista
2022-12-26,175.745,5,tc_mayorista
2022-12-23,174.8483,5,tc_mayorista
2022-12-22,174.5883,5,tc_mayorista
2022-12-21,174.25,5,tc_mayorista
2022-12-20,173.9317,5,tc_mayorista
2022-12-19,173.645,5,tc_mayorista
2022-12-16,172.73,5,tc_mayorista
2022-12-15,172.425,5,tc_mayorista
2022-12-14,172.1,5,tc_mayorista
2022-12-13,171.7617,5,tc_mayorista
2022-12-12,171.425,5,tc_mayorista
2022-12-07,169.8683,5,tc_mayorista
2022-12-06,169.5083,5,tc_mayorista
2022-12-05,169.135,5,tc_mayorista
2022-12-02,168.0933,5,tc_mayorista
2022-12-01,167.685,5,tc_mayorista
2022-11-30,167.255,5,tc_mayorista
2022-11-29,166.955,5,tc_mayorista
2022-11-28,166.625,5,tc_mayorista
2022-11-25,165.5883,5,tc_mayorista
2022-11-24,165.2133,5,tc_mayorista
2022-11-23,164.8467,5,tc_mayorista
2022-11-22,164.5233,5,tc_mayorista
2022-11-18,163.1467,5,tc_mayorista
2022-11-17,162.795,5,tc_mayorista
2022-11-16,162.4567,5,tc_mayorista
2022-11-15,162.1283,5,tc_mayorista
2022-11-14,161.7617,5,tc_mayorista
2022-11-11,160.7067,5,tc_mayorista
2022-11-10,160.3633,5,tc_mayorista
2022-11-09,160.0467,5,tc_mayorista
2022-11-08,159.7083,5,tc_mayorista
2022-11-07,159.33,5,tc_mayorista
2022-11-04,158.2667,5,tc_mayorista
2022-11-03,157.94,5,tc_mayorista
2022-11-02,157.5933,5,tc_mayorista
2022-11-01,157.235,5,tc_mayorista
2022-10-31,156.895,5,tc_mayorista
2022-10-28,156.0167,5,tc_mayorista
2022-10-27,155.6983,5,tc_mayorista
2022-10-26,155.3967,5,tc_mayorista
2022-10-25,155.0533,5,tc_mayorista
2022-10-24,154.7367,5,tc_mayorista
2022-10-21,153.8117,5,tc_mayorista
2022-10-20,153.5,5,tc_mayorista
2022-10-19,153.165,5,tc_mayorista
2022-10-18,152.825,5,tc_mayorista
2022-10-17,152.53,5,tc_mayorista
2022-10-14,151.6283,5,tc_mayorista
2022-10-13,151.3217,5,tc_mayorista
2022-10-12,151.0267,5,tc_mayorista
2022-10-11,150.7283,5,tc_mayorista
2022-10-06,149.1983,5,tc_mayorista
2022-10-05,148.9133,5,tc_mayorista
2022-10-04,148.5767,5,tc_mayorista
2022-10-03,148.2433,5,tc_mayorista
2022-09-30,147.315,5,tc_mayorista
2022-09-29,147.09,5,tc_mayorista
2022-09-28,146.8383,5,tc_mayorista
2022-09-27,146.5583,5,tc_mayorista
2022-09-26,146.2633,5,tc_mayorista
2022-09-23,145.4583,5,tc_mayorista
2022-09-22,145.1683,5,tc_mayorista
2022-09-21,144.9033,5,tc_mayorista
2022-09-20,144.6317,5,tc_mayorista
2022-09-19,144.345,5,tc_mayorista
2022-09-16,143.4967,5,tc_mayorista
2022-09-15,143.1817,5,tc_mayorista
2022-09-14,142.875,5,tc_mayorista
2022-09-13,142.575,5,tc_mayorista
2022-09-12,142.275,5,tc_mayorista
2022-09-09,141.375,5,tc_mayorista
2022-09-08,141.1767,5,tc_mayorista
2022-09-07,140.82,5,tc_mayorista
2022-09-06,140.5783,5,tc_mayorista
2022-09-05,140.2,5,tc_mayorista
2022-09-01,139.005,5,tc_mayorista
2022-08-31,138.7133,5,tc_mayorista
2022-08-30,138.5717,5,tc_mayorista
2022-08-29,138.325,5,tc_mayorista
2022-08-26,137.6517,5,tc_mayorista
2022-08-25,137.3933,5,tc_mayorista
2022-08-24,137.145,5,tc_mayorista
2022-08-23,136.9033,5,tc_mayorista
2022-08-22,136.685,5,tc_mayorista
2022-08-19,136.06,5,tc_mayorista
2022-08-18,135.7733,5,tc_mayorista
2022-08-17,135.57,5,tc_mayorista
2022-08-16,135.395,5,tc_mayorista
2022-08-12,134.5183,5,tc_mayorista
2022-08-11,134.2283,5,tc_mayorista
2022-08-10,134.0383,5,tc_mayorista
2022-08-09,133.8033,5,tc_mayorista
2022-08-08,133.56,5,tc_mayorista
2022-08-05,132.8867,5,tc_mayorista
2022-08-04,132.6417,5,tc_mayorista
2022-08-03,132.41,5,tc_mayorista
2022-08-02,132.1783,5,tc_mayorista
2022-08-01,131.935,5,tc_mayorista
2022-07-29,131.2267,5,tc_mayorista
2022-07-28,131.125,5,tc_mayorista
2022-07-27,130.8933,5,tc_mayorista
2022-07-26,130.6233,5,tc_mayorista
2022-07-25,130.4033,5,tc_mayorista
2022-07-22,129.76,5,tc_mayorista
2022-07-21,129.61,5,tc_mayorista
2022-07-20,129.39,5,tc_mayorista
2022-07-19,129.1267,5,tc_mayorista
2022-07-18,128.8983,5,tc_mayorista
2022-07-15,128.2317,5,tc_mayorista
2022-07-14,128.0167,5,tc_mayorista
2022-07-13,127.7933,5,tc_mayorista
2022-07-12,127.5733,5,tc_mayorista
2022-07-11,127.3717,5,tc_mayorista
2022-07-08,126.7783,5,tc_mayorista
2022-07-07,126.57,5,tc_mayorista
2022-07-06,126.3783,5,tc_mayorista
2022-07-05,126.1833,5,tc_mayorista
2022-07-04,125.9883,5,tc_mayorista
2022-07-01,125.4117,5,tc_mayorista
2022-06-30,125.215,5,tc_mayorista
2022-06-29,125.045,5,tc_mayorista
2022-06-28,124.875,5,tc_mayorista
2022-06-27,124.705,5,tc_mayorista
2022-06-24,124.255,5,tc_mayorista
2022-06-23,124.0333,5,tc_mayorista
2022-06-22,123.8617,5,tc_mayorista
2022-06-21,123.685,5,tc_mayorista
2022-06-16,122.895,5,tc_mayorista
2022-06-15,122.69,5,tc_mayorista
2022-06-14,122.475,5,tc_mayorista
2022-06-13,122.2983,5,tc_mayorista
2022-06-10,121.7933,5,tc_mayorista
2022-06-09,121.625,5,tc_mayorista
2022-06-08,121.455,5,tc_mayorista
2022-06-07,121.2783,5,tc_mayorista
2022-06-06,121.1083,5,tc_mayorista
2022-06-03,120.6283,5,tc_mayorista
2022-06-02,120.4683,5,tc_mayorista
2022-06-01,120.325,5,tc_mayorista
2022-05-31,120.1617,5,tc_mayorista
2022-05-30,120.005,5,tc_mayorista
2022-05-27,119.5583,5,tc_mayorista
2022-05-26,119.4167,5,tc_mayorista
2022-05-24,119.1017,5,tc_mayorista
2022-05-23,118.9483,5,tc_mayorista
2022-05-20,118.4917,5,tc_mayorista
2022-05-19,118.3583,5,tc_mayorista
2022-05-17,118.0383,5,tc_mayorista
2022-05-16,117.8717,5,tc_mayorista
2022-05-13,117.4067,5,tc_mayorista
2022-05-12,117.2517,5,tc_mayorista
2022-05-11,117.0883,5,tc_mayorista
2022-05-10,116.915,5,tc_mayorista
2022-05-09,116.755,5,tc_mayorista
2022-05-06,116.305,5,tc_mayorista
2022-05-05,116.1583,5,tc_mayorista
2022-05-04,116.015,5,tc_mayorista
2022-05-03,115.875,5,tc_mayorista
2022-05-02,115.7517,5,tc_mayorista
2022-04-29,115.3117,5,tc_mayorista
2022-04-28,115.1733,5,tc_mayorista
2022-04-27,115.005,5,tc_mayorista
2022-04-26,114.8417,5,tc_mayorista
2022-04-25,114.695,5,tc_mayorista
2022-04-22,114.2517,5,tc_mayorista
2022-04-21,114.1067,5,tc_mayorista
2022-04-20,113.9483,5,tc_mayorista
2022-04-19,113.7867,5,tc_mayorista
2022-04-18,113.6617,5,tc_mayorista
2022-04-13,112.9133,5,tc_mayorista
2022-04-12,112.735,5,tc_mayorista
2022-04-11,112.5917,5,tc_mayorista
2022-04-08,112.13,5,tc_mayorista
2022-04-07,111.9783,5,tc_mayorista
2022-04-06,111.8433,5,tc_mayorista
2022-04-05,111.6983,5,tc_mayorista
2022-04-04,111.5583,5,tc_mayorista
2022-04-01,111.125,5,tc_mayorista
2022-03-31,110.9783,5,tc_mayorista
2022-03-30,110.9167,5,tc_mayorista
2022-03-29,110.8033,5,tc_mayorista
2022-03-28,110.7033,5,tc_mayorista
2022-03-25,110.39,5,tc_mayorista
2022-03-23,110.185,5,tc_mayorista
2022-03-22,110.0717,5,tc_mayorista
2022-03-21,109.9917,5,tc_mayorista
2022-03-18,109.6367,5,tc_mayorista
2022-03-17,109.52,5,tc_mayorista
2022-03-16,109.4267,5,tc_mayorista
2022-03-15,109.305,5,tc_mayorista
2022-03-14,109.21,5,tc_mayorista
2022-03-11,108.8867,5,tc_mayorista
2022-03-10,108.7833,5,tc_mayorista
2022-03-09,108.6767,5,tc_mayorista
2022-03-08,108.5567,5,tc_mayorista
2022-03-07,108.4517,5,tc_mayorista
2022-03-04,108.1617,5,tc_mayorista
2022-03-03,108.0383,5,tc_mayorista
2022-03-02,107.935,5,tc_mayorista
2022-02-25,107.4417,5,tc_mayorista
2022-02-24,107.3933,5,tc_mayorista
2022-02-23,107.3,5,tc_mayorista
2022-02-22,107.1567,5,tc_mayorista
2022-02-21,107.055,5,tc_mayorista
2022-02-18,106.7783,5,tc_mayorista
2022-02-17,106.6767,5,tc_mayorista
2022-02-16,106.575,5,tc_mayorista
2022-02-15,106.4767,5,tc_mayorista
2022-02-14,106.3917,5,tc_mayorista
2022-02-11,106.1133,5,tc_mayorista
2022-02-10,106.005,5,tc_mayorista
2022-02-09,105.905,5,tc_mayorista
2022-02-08,105.795,5,tc_mayorista
2022-02-07,105.695,5,tc_mayorista
2022-02-04,105.415,5,tc_mayorista
2022-02-03,105.31,5,tc_mayorista
2022-02-02,105.2167,5,tc_mayorista
2022-02-01,105.135,5,tc_mayorista
2022-01-31,105.015,5,tc_mayorista
2022-01-28,104.8267,5,tc_mayorista
2022-01-27,104.7583,5,tc_mayorista
2022-01-26,104.6833,5,tc_mayorista
2022-01-25,104.6033,5,tc_mayorista
2022-01-24,104.5317,5,tc_mayorista
2022-01-21,104.3533,5,tc_mayorista
2022-01-20,104.3033,5,tc_mayorista
2022-01-19,104.2383,5,tc_mayorista
2022-01-18,104.1867,5,tc_mayorista
2022-01-17,104.07,5,tc_mayorista
2022-01-14,103.8467,5,tc_mayorista
2022-01-13,103.7433,5,tc_mayorista
2022-01-12,103.6417,5,tc_mayorista
2022-01-11,103.5767,5,tc_mayorista
2022-01-10,103.5083,5,tc_mayorista
2022-01-07,103.29,5,tc_mayorista
2022-01-06,103.23,5,tc_mayorista
2022-01-05,103.15,5,tc_mayorista
2022-01-04,103.08,5,tc_mayorista
2022-01-03,103.04,5,tc_mayorista
2021-12-30,102.75,5,tc_mayorista
2021-12-29,102.69,5,tc_mayorista
2021-12-28,102.62,5,tc_mayorista
2021-12-27,102.5667,5,tc_mayorista
2021-12-23,102.33,5,tc_mayorista
2021-12-22,102.2767,5,tc_mayorista
2021-12-21,102.2017,5,tc_mayorista
2021-12-20,102.145,5,tc_mayorista
2021-12-17,101.9667,5,tc_mayorista
2021-12-16,101.8883,5,tc_mayorista
2021-12-15,101.83,5,tc_mayorista
2021-12-14,101.7733,5,tc_mayorista
2021-12-13,101.725,5,tc_mayorista
2021-12-10,101.58,5,tc_mayorista
2021-12-09,101.5083,5,tc_mayorista
2021-12-07,101.365,5,tc_mayorista
2021-12-06,101.3233,5,tc_mayorista
2021-12-03,101.155,5,tc_mayorista
2021-12-02,101.07,5,tc_mayorista
2021-12-01,101.005,5,tc_mayorista
2021-11-30,100.925,5,tc_mayorista
2021-11-29,100.9233,5,tc_mayorista
2021-11-26,100.7583,5,tc_mayorista
2021-11-25,100.6833,5,tc_mayorista
2021-11-24,100.6233,5,tc_mayorista
2021-11-23,100.595,5,tc_mayorista
2021-11-19,100.465,5,tc_mayorista
2021-11-18,100.4067,5,tc_mayorista
2021-11-17,100.3583,5,tc_mayorista
2021-11-16,100.3083,5,tc_mayorista
2021-11-15,100.2917,5,tc_mayorista
2021-11-12,100.2267,5,tc_mayorista
2021-11-11,100.175,5,tc_mayorista
2021-11-10,100.1433,5,tc_mayorista
2021-11-09,100.0983,5,tc_mayorista
2021-11-08,100.05,5,tc_mayorista
2021-11-05,99.9467,5,tc_mayorista
2021-11-04,99.9517,5,tc_mayorista
2021-11-03,99.9033,5,tc_mayorista
2021-11-02,99.8533,5,tc_mayorista
2021-11-01,99.825,5,tc_mayorista
2021-10-29,99.7217,5,tc_mayorista
2021-10-28,99.6917,5,tc_mayorista
2021-10-27,99.6167,5,tc_mayorista
2021-10-26,99.5267,5,tc_mayorista
2021-10-25,99.4933,5,tc_mayorista
2021-10-22,99.3983,5,tc_mayorista
2021-10-21,99.3683,5,tc_mayorista
2021-10-20,99.3383,5,tc_mayorista
2021-10-19,99.305,5,tc_mayorista
2021-10-18,99.275,5,tc_mayorista
2021-10-15,99.185,5,tc_mayorista
2021-10-14,99.155,5,tc_mayorista
2021-10-13,99.125,5,tc_mayorista
2021-10-12,99.1,5,tc_mayorista
2021-10-07,98.945,5,tc_mayorista
2021-10-06,98.9217,5,tc_mayorista
2021-10-05,98.9,5,tc_mayorista
2021-10-04,98.885,5,tc_mayorista
2021-10-01,98.7817,5,tc_mayorista
2021-09-30,98.735,5,tc_mayorista
2021-09-29,98.705,5,tc_mayorista
2021-09-28,98.6817,5,tc_mayorista
2021-09-27,98.6683,5,tc_mayorista
2021-09-24,98.56,5,tc_mayorista
2021-09-23,98.5183,5,tc_mayorista
2021-09-22,98.505,5,tc_mayorista
2021-09-21,98.4917,5,tc_mayorista
2021-09-20,98.4817,5,tc_mayorista
2021-09-17,98.3483,5,tc_mayorista
2021-09-16,98.3117,5,tc_mayorista
2021-09-15,98.245,5,tc_mayorista
2021-09-14,98.22,5,tc_mayorista
2021-09-13,98.2083,5,tc_mayorista
2021-09-10,98.0967,5,tc_mayorista
2021-09-09,98.05,5,tc_mayorista
2021-09-08,98.0233,5,tc_mayorista
2021-09-07,97.9883,5,tc_mayorista
2021-09-06,97.95,5,tc_mayorista
2021-09-03,97.8683,5,tc_mayorista
2021-09-02,97.8333,5,tc_mayorista
2021-09-01,97.78,5,tc_mayorista
2021-08-31,97.7517,5,tc_mayorista
2021-08-30,97.7167,5,tc_mayorista
2021-08-27,97.5667,5,tc_mayorista
2021-08-26,97.545,5,tc_mayorista
2021-08-25,97.4833,5,tc_mayorista
2021-08-24,97.4367,5,tc_mayorista
2021-08-23,97.4117,5,tc_mayorista
2021-08-20,97.315,5,tc_mayorista
2021-08-19,97.2883,5,tc_mayorista
2021-08-18,97.265,5,tc_mayorista
2021-08-17,97.23,5,tc_mayorista
2021-08-13,97.105,5,tc_mayorista
2021-08-12,97.0767,5,tc_mayorista
2021-08-11,97.0517,5,tc_mayorista
2021-08-10,97.0283,5,tc_mayorista
2021-08-09,96.9967,5,tc_mayorista
2021-08-06,96.9083,5,tc_mayorista
2021-08-05,96.875,5,tc_mayorista
2021-08-04,96.8433,5,tc_mayorista
2021-08-03,96.8133,5,tc_mayorista
2021-08-02,96.7817,5,tc_mayorista
2021-07-30,96.685,5,tc_mayorista
2021-07-29,96.6667,5,tc_mayorista
2021-07-28,96.635,5,tc_mayorista
2021-07-27,96.5783,5,tc_mayorista
2021-07-26,96.5267,5,tc_mayorista
2021-07-23,96.4317,5,tc_mayorista
2021-07-22,96.395,5,tc_mayorista
2021-07-21,96.365,5,tc_mayorista
2021-07-20,96.335,5,tc_mayorista
2021-07-19,96.305,5,tc_mayorista
2021-07-16,96.215,5,tc_mayorista
2021-07-15,96.185,5,tc_mayorista
2021-07-14,96.155,5,tc_mayorista
2021-07-13,96.125,5,tc_mayorista
2021-07-12,96.095,5,tc_mayorista
2021-07-08,95.9767,5,tc_mayorista
2021-07-07,95.9483,5,tc_mayorista
2021-07-06,95.9183,5,tc_mayorista
2021-07-05,95.89,5,tc_mayorista
2021-07-02,95.795,5,tc_mayorista
2021-07-01,95.7667,5,tc_mayorista
2021-06-30,95.7267,5,tc_mayorista
2021-06-29,95.705,5,tc_mayorista
2021-06-28,95.6833,5,tc_mayorista
2021-06-25,95.59,5,tc_mayorista
2021-06-24,95.5583,5,tc_mayorista
2021-06-23,95.53,5,tc_mayorista
2021-06-22,95.4967,5,tc_mayorista
2021-06-18,95.3817,5,tc_mayorista
2021-06-17,95.3517,5,tc_mayorista
2021-06-16,95.315,5,tc_mayorista
2021-06-15,95.285,5,tc_mayorista
2021-06-14,95.255,5,tc_mayorista
2021-06-11,95.135,5,tc_mayorista
2021-06-10,95.0967,5,tc_mayorista
2021-06-09,95.055,5,tc_mayorista
2021-06-08,95.015,5,tc_mayorista
2021-06-07,94.975,5,tc_mayorista
2021-06-04,94.86,5,tc_mayorista
2021-06-03,94.815,5,tc_mayorista
2021-06-02,94.775,5,tc_mayorista
2021-06-01,94.735,5,tc_mayorista
2021-05-31,94.685,5,tc_mayorista
2021-05-28,94.565,5,tc_mayorista
2021-05-27,94.525,5,tc_mayorista
2021-05-26,94.485,5,tc_mayorista
2021-05-21,94.2767,5,tc_mayorista
2021-05-20,94.245,5,tc_mayorista
2021-05-19,94.21,5,tc_mayorista
2021-05-18,94.165,5,tc_mayorista
2021-05-17,94.135,5,tc_mayorista
2021-05-14,94.045,5,tc_mayorista
2021-05-13,94.015,5,tc_mayorista
2021-05-12,93.985,5,tc_mayorista
2021-05-11,93.955,5,tc_mayorista
2021-05-10,93.925,5,tc_mayorista
2021-05-07,93.835,5,tc_mayorista
2021-05-06,93.795,5,tc_mayorista
2021-05-05,93.755,5,tc_mayorista
2021-05-04,93.715,5,tc_mayorista
2021-05-03,93.675,5,tc_mayorista
2021-04-30,93.555,5,tc_mayorista
2021-04-29,93.5,5,tc_mayorista
2021-04-28,93.4167,5,tc_mayorista
2021-04-27,93.335,5,tc_mayorista
2021-04-26,93.275,5,tc_mayorista
2021-04-23,93.125,5,tc_mayorista
2021-04-22,93.075,5,tc_mayorista
2021-04-21,93.025,5,tc_mayorista
2021-04-20,92.975,5,tc_mayorista
2021-04-19,92.9267,5,tc_mayorista
2021-04-16,92.7767,5,tc_mayorista
2021-04-15,92.725,5,tc_mayorista
2021-04-14,92.6767,5,tc_mayorista
2021-04-13,92.6283,5,tc_mayorista
2021-04-12,92.5817,5,tc_mayorista
2021-04-09,92.435,5,tc_mayorista
2021-04-08,92.3867,5,tc_mayorista
2021-04-07,92.335,5,tc_mayorista
2021-04-06,92.2867,5,tc_mayorista
2021-04-05,92.2367,5,tc_mayorista
2021-03-31,91.985,5,tc_mayorista
2021-03-30,91.9583,5,tc_mayorista
2021-03-29,91.9217,5,tc_mayorista
2021-03-26,91.8483,5,tc_mayorista
2021-03-25,91.7767,5,tc_mayorista
2021-03-23,91.6367,5,tc_mayorista
2021-03-22,91.5683,5,tc_mayorista
2021-03-19,91.3567,5,tc_mayorista
2021-03-18,91.28,5,tc_mayorista
2021-03-17,91.205,5,tc_mayorista
2021-03-16,91.135,5,tc_mayorista
2021-03-15,91.0667,5,tc_mayorista
2021-03-12,90.855,5,tc_mayorista
2021-03-11,90.7867,5,tc_mayorista
2021-03-10,90.7233,5,tc_mayorista
2021-03-09,90.6517,5,tc_mayorista
2021-03-08,90.5817,5,tc_mayorista
2021-03-05,90.365,5,tc_mayorista
2021-03-04,90.295,5,tc_mayorista
2021-03-03,90.2233,5,tc_mayorista
2021-03-02,90.155,5,tc_mayorista
2021-03-01,90.085,5,tc_mayorista
2021-02-26,89.825,5,tc_mayorista
2021-02-25,89.7533,5,tc_mayorista
2021-02-24,89.6383,5,tc_mayorista
2021-02-23,89.535,5,tc_mayorista
2021-02-22,89.4383,5,tc_mayorista
2021-02-19,89.1567,5,tc_mayorista
2021-02-18,89.045,5,tc_mayorista
2021-02-17,88.945,5,tc_mayorista
2021-02-12,88.5383,5,tc_mayorista
2021-02-11,88.45,5,tc_mayorista
2021-02-10,88.355,5,tc_mayorista
2021-02-09,88.275,5,tc_mayorista
2021-02-08,88.165,5,tc_mayorista
2021-02-05,88.005,5,tc_mayorista
2021-02-04,87.905,5,tc_mayorista
2021-02-03,87.805,5,tc_mayorista
2021-02-02,87.7033,5,tc_mayorista
2021-02-01,87.605,5,tc_mayorista
2021-01-29,87.2983,5,tc_mayorista
2021-01-28,87.2167,5,tc_mayorista
2021-01-27,87.1233,5,tc_mayorista
2021-01-26,87.0217,5,tc_mayorista
2021-01-25,86.9117,5,tc_mayorista
2021-01-22,86.5467,5,tc_mayorista
2021-01-21,86.4283,5,tc_mayorista
2021-01-20,86.32,5,tc_mayorista
2021-01-19,86.1967,5,tc_mayorista
2021-01-18,86.0667,5,tc_mayorista
2021-01-15,85.735,5,tc_mayorista
2021-01-14,85.645,5,tc_mayorista
2021-01-13,85.555,5,tc_mayorista
2021-01-12,85.465,5,tc_mayorista
2021-01-11,85.3783,5,tc_mayorista
2021-01-08,85.105,5,tc_mayorista
2021-01-07,85.0,5,tc_mayorista
2021-01-06,84.9033,5,tc_mayorista
2021-01-05,84.7967,5,tc_mayorista
2021-01-04,84.7033,5,tc_mayorista
2020-12-30,84.145,5,tc_mayorista
2020-12-29,84.025,5,tc_mayorista
2020-12-28,83.905,5,tc_mayorista
2020-12-23,83.3583,5,tc_mayorista
2020-12-22,83.2483,5,tc_mayorista
2020-12-21,83.1483,5,tc_mayorista
2020-12-18,82.8383,5,tc_mayorista
2020-12-17,82.7217,5,tc_mayorista
2020-12-16,82.6267,5,tc_mayorista
2020-12-15,82.535,5,tc_mayorista
2020-12-14,82.4567,5,tc_mayorista
2020-12-11,82.215,5,tc_mayorista
2020-12-10,82.13,5,tc_mayorista
2020-12-09,82.045,5,tc_mayorista
2020-12-04,81.6517,5,tc_mayorista
2020-12-03,81.5617,5,tc_mayorista
2020-12-02,81.475,5,tc_mayorista
2020-12-01,81.395,5,tc_mayorista
2020-11-30,81.2967,5,tc_mayorista
2020-11-27,81.0383,5,tc_mayorista
2020-11-26,80.8883,5,tc_mayorista
2020-11-25,80.7917,5,tc_mayorista
2020-11-24,80.6917,5,tc_mayorista
2020-11-20,80.3583,5,tc_mayorista
2020-11-19,80.2717,5,tc_mayorista
2020-11-18,80.1517,5,tc_mayorista
2020-11-17,80.0283,5,tc_mayorista
2020-11-16,79.955,5,tc_mayorista
2020-11-13,79.7283,5,tc_mayorista
2020-11-12,79.575,5,tc_mayorista
2020-11-11,79.4783,5,tc_mayorista
2020-11-10,79.425,5,tc_mayorista
2020-11-09,79.3433,5,tc_mayorista
2020-11-05,79.0933,5,tc_mayorista
2020-11-04,79.0233,5,tc_mayorista
2020-11-03,78.9033,5,tc_mayorista
2020-11-02,78.69,5,tc_mayorista
2020-10-30,78.3283,5,tc_mayorista
2020-10-29,78.2967,5,tc_mayorista
2020-10-28,78.2983,5,tc_mayorista
2020-10-27,78.2967,5,tc_mayorista
2020-10-26,78.2067,5,tc_mayorista
2020-10-23,78.0883,5,tc_mayorista
2020-10-22,78.0467,5,tc_mayorista
2020-10-21,77.7133,5,tc_mayorista
2020-10-20,77.6567,5,tc_mayorista
2020-10-19,77.5767,5,tc_mayorista
2020-10-16,77.5317,5,tc_mayorista
2020-10-15,77.46,5,tc_mayorista
2020-10-14,77.4217,5,tc_mayorista
2020-10-13,77.4033,5,tc_mayorista
2020-10-09,77.1083,5,tc_mayorista
2020-10-08,77.1033,5,tc_mayorista
2020-10-07,77.0967,5,tc_mayorista
2020-10-06,77.08,5,tc_mayorista
2020-10-05,77.0517,5,tc_mayorista
2020-10-02,76.945,5,tc_mayorista
2020-10-01,76.245,5,tc_mayorista
2020-09-30,76.175,5,tc_mayorista
2020-09-29,76.115,5,tc_mayorista
2020-09-28,76.055,5,tc_mayorista
2020-09-25,75.845,5,tc_mayorista
2020-09-24,75.775,5,tc_mayorista
2020-09-23,75.715,5,tc_mayorista
2020-09-22,75.645,5,tc_mayorista
2020-09-21,75.585,5,tc_mayorista
2020-09-18,75.375,5,tc_mayorista
2020-09-17,75.315,5,tc_mayorista
2020-09-16,75.245,5,tc_mayorista
2020-09-15,75.185,5,tc_mayorista
2020-09-14,75.115,5,tc_mayorista
2020-09-11,74.905,5,tc_mayorista
2020-09-10,74.835,5,tc_mayorista
2020-09-09,74.765,5,tc_mayorista
2020-09-08,74.705,5,tc_mayorista
2020-09-07,74.645,5,tc_mayorista
2020-09-04,74.435,5,tc_mayorista
2020-09-03,74.375,5,tc_mayorista
2020-09-02,74.315,5,tc_mayorista
2020-09-01,74.245,5,tc_mayorista
2020-08-31,74.175,5,tc_mayorista
2020-08-28,73.995,5,tc_mayorista
2020-08-27,73.935,5,tc_mayorista
2020-08-26,73.855,5,tc_mayorista
2020-08-25,73.805,5,tc_mayorista
2020-08-24,73.725,5,tc_mayorista
2020-08-21,73.575,5,tc_mayorista
2020-08-20,73.525,5,tc_mayorista
2020-08-19,73.475,5,tc_mayorista
2020-08-18,73.395,5,tc_mayorista
2020-08-14,73.155,5,tc_mayorista
2020-08-13,73.105,5,tc_mayorista
2020-08-12,73.045,5,tc_mayorista
2020-08-11,72.995,5,tc_mayorista
2020-08-10,72.945,5,tc_mayorista
2020-08-07,72.765,5,tc_mayorista
2020-08-06,72.695,5,tc_mayorista
2020-08-05,72.615,5,tc_mayorista
2020-08-04,72.565,5,tc_mayorista
2020-08-03,72.515,5,tc_mayorista
2020-07-31,72.315,5,tc_mayorista
2020-07-30,72.255,5,tc_mayorista
2020-07-29,72.195,5,tc_mayorista
2020-07-28,72.135,5,tc_mayorista
2020-07-27,72.075,5,tc_mayorista
2020-07-24,71.895,5,tc_mayorista
2020-07-23,71.835,5,tc_mayorista
2020-07-22,71.775,5,tc_mayorista
2020-07-21,71.715,5,tc_mayorista
2020-07-20,71.655,5,tc_mayorista
2020-07-17,71.475,5,tc_mayorista
2020-07-16,71.415,5,tc_mayorista
2020-07-15,71.355,5,tc_mayorista
2020-07-14,71.295,5,tc_mayorista
2020-07-13,71.2333,5,tc_mayorista
2020-07-08,70.935,5,tc_mayorista
2020-07-07,70.875,5,tc_mayorista
2020-07-06,70.815,5,tc_mayorista
2020-07-03,70.635,5,tc_mayorista
2020-07-02,70.575,5,tc_mayorista
2020-07-01,70.515,5,tc_mayorista
2020-06-30,70.455,5,tc_mayorista
2020-06-29,70.395,5,tc_mayorista
2020-06-26,70.215,5,tc_mayorista
2020-06-25,70.155,5,tc_mayorista
2020-06-24,70.095,5,tc_mayorista
2020-06-23,70.035,5,tc_mayorista
2020-06-22,69.975,5,tc_mayorista
2020-06-19,69.795,5,tc_mayorista
2020-06-18,69.735,5,tc_mayorista
2020-06-17,69.675,5,tc_mayorista
2020-06-16,69.615,5,tc_mayorista
2020-06-12,69.375,5,tc_mayorista
2020-06-11,69.315,5,tc_mayorista
2020-06-10,69.255,5,tc_mayorista
2020-06-09,69.165,5,tc_mayorista
2020-06-08,69.075,5,tc_mayorista
2020-06-05,68.985,5,tc_mayorista
2020-06-04,68.895,5,tc_mayorista
2020-06-03,68.805,5,tc_mayorista
2020-06-02,68.715,5,tc_mayorista
2020-06-01,68.625,5,tc_mayorista
2020-05-29,68.535,5,tc_mayorista
2020-05-28,68.445,5,tc_mayorista
2020-05-27,68.355,5,tc_mayorista
2020-05-26,68.265,5,tc_mayorista
2020-05-22,68.175,5,tc_mayorista
2020-05-21,68.085,5,tc_mayorista
2020-05-20,67.995,5,tc_mayorista
2020-05-19,67.905,5,tc_mayorista
2020-05-18,67.815,5,tc_mayorista
2020-05-15,67.725,5,tc_mayorista
2020-05-14,67.635,5,tc_mayorista
2020-05-13,67.545,5,tc_mayorista
2020-05-12,67.455,5,tc_mayorista
2020-05-11,67.365,5,tc_mayorista
2020-05-08,67.275,5,tc_mayorista
2020-05-07,67.185,5,tc_mayorista
2020-05-06,67.095,5,tc_mayorista
2020-05-05,67.005,5,tc_mayorista
2020-05-04,66.925,5,tc_mayorista
2020-04-30,66.835,5,tc_mayorista
2020-04-29,66.745,5,tc_mayorista
2020-04-28,66.635,5,tc_mayorista
2020-04-27,66.525,5,tc_mayorista
2020-04-24,66.425,5,tc_mayorista
2020-04-23,66.3167,5,tc_mayorista
2020-04-22,66.225,5,tc_mayorista
2020-04-21,66.0895,5,tc_mayorista
2020-04-20,65.9778,5,tc_mayorista
2020-04-17,65.8595,5,tc_mayorista
2020-04-16,65.7395,5,tc_mayorista
2020-04-15,65.6195,5,tc_mayorista
2020-04-14,65.498,5,tc_mayorista
2020-04-13,65.3795,5,tc_mayorista
2020-04-08,65.1595,5,tc_mayorista
2020-04-07,65.0695,5,tc_mayorista
2020-04-06,64.988,5,tc_mayorista
2020-04-03,64.9065,5,tc_mayorista
2020-04-02,64.7165,5,tc_mayorista
2020-04-01,64.5295,5,tc_mayorista
2020-03-30,64.4697,5,tc_mayorista
2020-03-27,64.4095,5,tc_mayorista
2020-03-26,64.2295,5,tc_mayorista
2020-03-25,64.0473,5,tc_mayorista
2020-03-20,63.7688,5,tc_mayorista
2020-03-19,63.5497,5,tc_mayorista
2020-03-18,63.33,5,tc_mayorista
2020-03-17,63.175,5,tc_mayorista
2020-03-16,63.0398,5,tc_mayorista
2020-03-13,62.8992,5,tc_mayorista
2020-03-12,62.8182,5,tc_mayorista
2020-03-11,62.6697,5,tc_mayorista
2020-03-10,62.5898,5,tc_mayorista
2020-03-09,62.5298,5,tc_mayorista
2020-03-06,62.4793,5,tc_mayorista
2020-03-05,62.418,5,tc_mayorista
2020-03-04,62.3577,5,tc_mayorista
2020-03-03,62.3002,5,tc_mayorista
2020-03-02,62.2503,5,tc_mayorista
2020-02-28,62.208,5,tc_mayorista
2020-02-27,62.1375,5,tc_mayorista
2020-02-26,62.0842,5,tc_mayorista
2020-02-21,61.8348,5,tc_mayorista
2020-02-20,61.785,5,tc_mayorista
2020-02-19,61.7233,5,tc_mayorista
2020-02-18,61.6645,5,tc_mayorista
2020-02-17,61.655,5,tc_mayorista
2020-02-14,61.4522,5,tc_mayorista
2020-02-13,61.3808,5,tc_mayorista
2020-02-12,61.2297,5,tc_mayorista
2020-02-11,61.112,5,tc_mayorista
2020-02-10,60.9688,5,tc_mayorista
2020-02-07,60.7745,5,tc_mayorista
2020-02-06,60.6732,5,tc_mayorista
2020-02-05,60.5763,5,tc_mayorista
2020-02-04,60.579,5,tc_mayorista
2020-02-03,60.4325,5,tc_mayorista
2020-01-31,60.3312,5,tc_mayorista
2020-01-30,60.2475,5,tc_mayorista
2020-01-29,60.2367,5,tc_mayorista
2020-01-28,60.1808,5,tc_mayorista
2020-01-27,60.1408,5,tc_mayorista
2020-01-24,60.1025,5,tc_mayorista
2020-01-23,60.0908,5,tc_mayorista
2020-01-22,60.1148,5,tc_mayorista
2020-01-21,60.0592,5,tc_mayorista
2020-01-20,60.0333,5,tc_mayorista
2020-01-17,60.0113,5,tc_mayorista
2020-01-16,59.995,5,tc_mayorista
2020-01-15,60.0075,5,tc_mayorista
2020-01-14,60.0367,5,tc_mayorista
2020-01-13,59.88,5,tc_mayorista
2020-01-10,59.8163,5,tc_mayorista
2020-01-09,59.8152,5,tc_mayorista
2020-01-08,59.8177,5,tc_mayorista
2020-01-07,59.8195,5,tc_mayorista
2020-01-06,59.819,5,tc_mayorista
2020-01-03,59.8335,5,tc_mayorista
2020-01-02,59.8518,5,tc_mayorista
2026-08-07,46189969.0,15,base_monetaria
2026-08-06,46321735.0,15,base_monetaria
2026-08-05,46530255.0,15,base_monetaria
2026-08-04,45693033.0,15,base_monetaria
2026-08-03,46439196.0,15,base_monetaria
2026-07-31,46193622.0,15,base_monetaria
2026-07-30,45706709.0,15,base_monetaria
2026-07-29,44055898.0,15,base_monetaria
2026-07-28,45044437.0,15,base_monetaria
2026-07-27,46324059.0,15,base_monetaria
2026-07-24,46087590.0,15,base_monetaria
2026-07-23,45813184.0,15,base_monetaria
2026-07-22,45839793.0,15,base_monetaria
2026-07-21,45294415.0,15,base_monetaria
2026-07-20,45661395.0,15,base_monetaria
2026-07-17,45054096.0,15,base_monetaria
2026-07-16,46019844.0,15,base_monetaria
2026-07-15,45210224.0,15,base_monetaria
2026-07-14,45312132.0,15,base_monetaria
2026-07-13,46817025.0,15,base_monetaria
2026-07-08,45827619.0,15,base_monetaria
2026-07-07,45511522.0,15,base_monetaria
2026-07-06,45569923.0,15,base_monetaria
2026-07-03,45368949.0,15,base_monetaria
2026-07-02,45099295.0,15,base_monetaria
2026-07-01,46035751.0,15,base_monetaria
2026-06-30,45711975.0,15,base_monetaria
2026-06-29,44953461.0,15,base_monetaria
2026-06-26,43761087.0,15,base_monetaria
2026-06-25,44451195.0,15,base_monetaria
2026-06-24,44249822.0,15,base_monetaria
2026-06-23,43386638.0,15,base_monetaria
2026-06-22,43380086.0,15,base_monetaria
2026-06-19,43144287.0,15,base_monetaria
2026-06-18,43235697.0,15,base_monetaria
2026-06-17,43736344.0,15,base_monetaria
2026-06-16,43652914.0,15,base_monetaria
2026-06-12,43128652.0,15,base_monetaria
2026-06-11,43722386.0,15,base_monetaria
2026-06-10,41998049.0,15,base_monetaria
2026-06-09,41830730.0,15,base_monetaria
2026-06-08,42401196.0,15,base_monetaria
2026-06-05,42506211.0,15,base_monetaria
2026-06-04,42354469.0,15,base_monetaria
2026-06-03,42215553.0,15,base_monetaria
2026-06-02,42960824.0,15,base_monetaria
2026-06-01,43177866.0,15,base_monetaria
2026-05-29,41975464.0,15,base_monetaria
2026-05-28,42303192.0,15,base_monetaria
2026-05-27,41922477.0,15,base_monetaria
2026-05-26,41837112.0,15,base_monetaria
2026-05-22,40812053.0,15,base_monetaria
2026-05-21,41162596.0,15,base_monetaria
2026-05-20,40990233.0,15,base_monetaria
2026-05-19,41284793.0,15,base_monetaria
2026-05-18,41006735.0,15,base_monetaria
2026-05-15,41637331.0,15,base_monetaria
2026-05-14,41730096.0,15,base_monetaria
2026-05-13,41228855.0,15,base_monetaria
2026-05-12,40570598.0,15,base_monetaria
2026-05-11,41639647.0,15,base_monetaria
2026-05-08,40710852.0,15,base_monetaria
2026-05-07,41186004.0,15,base_monetaria
2026-05-06,40768742.0,15,base_monetaria
2026-05-05,41285996.0,15,base_monetaria
2026-05-04,41845927.0,15,base_monetaria
2026-04-30,42132457.0,15,base_monetaria
2026-04-29,41994279.0,15,base_monetaria
2026-04-28,41791914.0,15,base_monetaria
2026-04-27,42283192.0,15,base_monetaria
2026-04-24,40052600.0,15,base_monetaria
2026-04-23,40372220.0,15,base_monetaria
2026-04-22,40706598.0,15,base_monetaria
2026-04-21,40702673.0,15,base_monetaria
2026-04-20,40962136.0,15,base_monetaria
2026-04-17,40105907.0,15,base_monetaria
2026-04-16,40553716.0,15,base_monetaria
2026-04-15,40308442.0,15,base_monetaria
2026-04-14,40898167.0,15,base_monetaria
2026-04-13,40941598.0,15,base_monetaria
2026-04-10,41225945.0,15,base_monetaria
2026-04-09,41291559.0,15,base_monetaria
2026-04-08,41265125.0,15,base_monetaria
2026-04-07,41976449.0,15,base_monetaria
2026-04-06,41983916.0,15,base_monetaria
2026-04-01,42128666.0,15,base_monetaria
2026-03-31,41277771.0,15,base_monetaria
2026-03-30,42639083.0,15,base_monetaria
2026-03-27,39674505.0,15,base_monetaria
2026-03-26,40433607.0,15,base_monetaria
2026-03-25,41175029.0,15,base_monetaria
2026-03-20,40514585.0,15,base_monetaria
2026-03-19,40008553.0,15,base_monetaria
2026-03-18,39026567.0,15,base_monetaria
2026-03-17,39541393.0,15,base_monetaria
2026-03-16,40219575.0,15,base_monetaria
2026-03-13,41185271.0,15,base_monetaria
2026-03-12,41407606.0,15,base_monetaria
2026-03-11,40736856.0,15,base_monetaria
2026-03-10,40799134.0,15,base_monetaria
2026-03-09,41337760.0,15,base_monetaria
2026-03-06,42327455.0,15,base_monetaria
2026-03-05,42491784.0,15,base_monetaria
2026-03-04,42455350.0,15,base_monetaria
2026-03-03,42641381.0,15,base_monetaria
2026-03-02,42499111.0,15,base_monetaria
2026-02-27,40986704.0,15,base_monetaria
2026-02-26,41414239.0,15,base_monetaria
2026-02-25,41232963.0,15,base_monetaria
2026-02-24,42600442.0,15,base_monetaria
2026-02-23,42646887.0,15,base_monetaria
2026-02-20,42378425.0,15,base_monetaria
2026-02-19,41882460.0,15,base_monetaria
2026-02-18,40986425.0,15,base_monetaria
2026-02-13,40956503.0,15,base_monetaria
2026-02-12,42461589.0,15,base_monetaria
2026-02-11,42185386.0,15,base_monetaria
2026-02-10,42177084.0,15,base_monetaria
2026-02-09,41992981.0,15,base_monetaria
2026-02-06,41940812.0,15,base_monetaria
2026-02-05,42122917.0,15,base_monetaria
2026-02-04,41812311.0,15,base_monetaria
2026-02-03,41896298.0,15,base_monetaria
2026-02-02,42050300.0,15,base_monetaria
2026-01-30,42812343.0,15,base_monetaria
2026-01-29,42772613.0,15,base_monetaria
2026-01-28,41652760.0,15,base_monetaria
2026-01-27,41880963.0,15,base_monetaria
2026-01-26,43364675.0,15,base_monetaria
2026-01-23,44254340.0,15,base_monetaria
2026-01-22,44262398.0,15,base_monetaria
2026-01-21,44265806.0,15,base_monetaria
2026-01-20,44040732.0,15,base_monetaria
2026-01-19,44050201.0,15,base_monetaria
2026-01-16,44102114.0,15,base_monetaria
2026-01-15,43701459.0,15,base_monetaria
2026-01-14,43803268.0,15,base_monetaria
2026-01-13,43346010.0,15,base_monetaria
2026-01-12,42938346.0,15,base_monetaria
2026-01-09,42895272.0,15,base_monetaria
2026-01-08,43272002.0,15,base_monetaria
2026-01-07,43167152.0,15,base_monetaria
2026-01-06,42682795.0,15,base_monetaria
2026-01-05,42683047.0,15,base_monetaria
2026-01-02,42960320.0,15,base_monetaria
2025-12-30,42956965.0,15,base_monetaria
2025-12-29,42305192.0,15,base_monetaria
2025-12-26,42492789.0,15,base_monetaria
2025-12-23,41853086.0,15,base_monetaria
2025-12-22,41416844.0,15,base_monetaria
2025-12-19,40805912.0,15,base_monetaria
2025-12-18,40972242.0,15,base_monetaria
2025-12-17,41112794.0,15,base_monetaria
2025-12-16,40768621.0,15,base_monetaria
2025-12-15,41443740.0,15,base_monetaria
2025-12-12,41173306.0,15,base_monetaria
2025-12-11,40856240.0,15,base_monetaria
2025-12-10,40146702.0,15,base_monetaria
2025-12-09,40069791.0,15,base_monetaria
2025-12-05,38933317.0,15,base_monetaria
2025-12-04,40457720.0,15,base_monetaria
2025-12-03,37842747.0,15,base_monetaria
2025-12-02,39684092.0,15,base_monetaria
2025-12-01,40862891.0,15,base_monetaria
2025-11-28,40926609.0,15,base_monetaria
2025-11-27,41009226.0,15,base_monetaria
2025-11-26,40563401.0,15,base_monetaria
2025-11-25,42341489.0,15,base_monetaria
2025-11-20,40927869.0,15,base_monetaria
2025-11-19,40314551.0,15,base_monetaria
2025-11-18,40323072.0,15,base_monetaria
2025-11-17,40819556.0,15,base_monetaria
2025-11-14,40285409.0,15,base_monetaria
2025-11-13,39820024.0,15,base_monetaria
2025-11-12,40264655.0,15,base_monetaria
2025-11-11,40036417.0,15,base_monetaria
2025-11-10,41632920.0,15,base_monetaria
2025-11-07,41881861.0,15,base_monetaria
2025-11-05,41136124.0,15,base_monetaria
2025-11-04,40730943.0,15,base_monetaria
2025-11-03,41437306.0,15,base_monetaria
2025-10-31,41327194.0,15,base_monetaria
2025-10-30,40354280.0,15,base_monetaria
2025-10-29,40147684.0,15,base_monetaria
2025-10-28,40078019.0,15,base_monetaria
2025-10-27,40078826.0,15,base_monetaria
2025-10-24,39402450.0,15,base_monetaria
2025-10-23,39850348.0,15,base_monetaria
2025-10-22,39970044.0,15,base_monetaria
2025-10-21,40177879.0,15,base_monetaria
2025-10-20,40972264.0,15,base_monetaria
2025-10-17,40428002.0,15,base_monetaria
2025-10-16,40131062.0,15,base_monetaria
2025-10-15,40648966.0,15,base_monetaria
2025-10-14,41039888.0,15,base_monetaria
2025-10-13,40840121.0,15,base_monetaria
2025-10-09,40896326.0,15,base_monetaria
2025-10-08,40739322.0,15,base_monetaria
2025-10-07,40581165.0,15,base_monetaria
2025-10-06,40792969.0,15,base_monetaria
2025-10-03,40636784.0,15,base_monetaria
2025-10-02,40356005.0,15,base_monetaria
2025-10-01,41012542.0,15,base_monetaria
2025-09-30,42295612.0,15,base_monetaria
2025-09-29,41645095.0,15,base_monetaria
2025-09-26,41204584.0,15,base_monetaria
2025-09-25,40742575.0,15,base_monetaria
2025-09-24,41246514.0,15,base_monetaria
2025-09-23,41199281.0,15,base_monetaria
2025-09-22,41976631.0,15,base_monetaria
2025-09-19,40711384.0,15,base_monetaria
2025-09-18,41372282.0,15,base_monetaria
2025-09-17,40732354.0,15,base_monetaria
2025-09-16,41347862.0,15,base_monetaria
2025-09-15,42076972.0,15,base_monetaria
2025-09-12,40989198.0,15,base_monetaria
2025-09-11,41149389.0,15,base_monetaria
2025-09-10,41474053.0,15,base_monetaria
2025-09-09,41377280.0,15,base_monetaria
2025-09-08,42234372.0,15,base_monetaria
2025-09-05,41537947.0,15,base_monetaria
2025-09-04,42171431.0,15,base_monetaria
2025-09-03,41866271.0,15,base_monetaria
2025-09-02,41682352.0,15,base_monetaria
2025-09-01,42598268.0,15,base_monetaria
2025-08-29,44259863.0,15,base_monetaria
2025-08-28,44773011.0,15,base_monetaria
2025-08-27,44202019.0,15,base_monetaria
2025-08-26,44221777.0,15,base_monetaria
2025-08-25,44919842.0,15,base_monetaria
2025-08-22,44128287.0,15,base_monetaria
2025-08-21,43584582.0,15,base_monetaria
2025-08-20,42821346.0,15,base_monetaria
2025-08-19,44631142.0,15,base_monetaria
2025-08-18,48555085.0,15,base_monetaria
2025-08-14,42615572.0,15,base_monetaria
2025-08-13,42643973.0,15,base_monetaria
2025-08-12,42659621.0,15,base_monetaria
2025-08-11,42702784.0,15,base_monetaria
2025-08-08,42743195.0,15,base_monetaria
2025-08-07,42675620.0,15,base_monetaria
2025-08-06,42697634.0,15,base_monetaria
2025-08-05,42754510.0,15,base_monetaria
2025-08-04,42800555.0,15,base_monetaria
2025-08-01,41407090.0,15,base_monetaria
2025-07-31,40113368.0,15,base_monetaria
2025-07-30,37296150.0,15,base_monetaria
2025-07-29,38348980.0,15,base_monetaria
2025-07-28,36820448.0,15,base_monetaria
2025-07-25,37735031.0,15,base_monetaria
2025-07-24,38149891.0,15,base_monetaria
2025-07-23,38169300.0,15,base_monetaria
2025-07-22,38004625.0,15,base_monetaria
2025-07-21,38025450.0,15,base_monetaria
2025-07-18,37641717.0,15,base_monetaria
2025-07-17,41459951.0,15,base_monetaria
2025-07-16,38563168.0,15,base_monetaria
2025-07-15,38219612.0,15,base_monetaria
2025-07-14,42051969.0,15,base_monetaria
2025-07-11,43032475.0,15,base_monetaria
2025-07-10,43014258.0,15,base_monetaria
2025-07-08,33139576.0,15,base_monetaria
2025-07-07,34372668.0,15,base_monetaria
2025-07-04,32748809.0,15,base_monetaria
2025-07-03,33418387.0,15,base_monetaria
2025-07-02,34406140.0,15,base_monetaria
2025-07-01,35577666.0,15,base_monetaria
2025-06-30,37175626.0,15,base_monetaria
2025-06-27,35542364.0,15,base_monetaria
2025-06-26,34940528.0,15,base_monetaria
2025-06-25,34821185.0,15,base_monetaria
2025-06-24,34844743.0,15,base_monetaria
2025-06-23,35729694.0,15,base_monetaria
2025-06-19,35393546.0,15,base_monetaria
2025-06-18,35924590.0,15,base_monetaria
2025-06-17,36061997.0,15,base_monetaria
2025-06-13,35650056.0,15,base_monetaria
2025-06-12,35385140.0,15,base_monetaria
2025-06-11,36235936.0,15,base_monetaria
2025-06-10,36212110.0,15,base_monetaria
2025-06-09,36536164.0,15,base_monetaria
2025-06-06,36604803.0,15,base_monetaria
2025-06-05,36533114.0,15,base_monetaria
2025-06-04,36636601.0,15,base_monetaria
2025-06-03,36423142.0,15,base_monetaria
2025-06-02,36927413.0,15,base_monetaria
2025-05-30,34940118.0,15,base_monetaria
2025-05-29,33286265.0,15,base_monetaria
2025-05-28,33413949.0,15,base_monetaria
2025-05-27,33238432.0,15,base_monetaria
2025-05-26,33019446.0,15,base_monetaria
2025-05-23,33289989.0,15,base_monetaria
2025-05-22,32886199.0,15,base_monetaria
2025-05-21,32498752.0,15,base_monetaria
2025-05-20,32822015.0,15,base_monetaria
2025-05-19,33277257.0,15,base_monetaria
2025-05-16,33931781.0,15,base_monetaria
2025-05-15,33994625.0,15,base_monetaria
2025-05-14,34207517.0,15,base_monetaria
2025-05-13,34281998.0,15,base_monetaria
2025-05-12,34430644.0,15,base_monetaria
2025-05-09,37372925.0,15,base_monetaria
2025-05-08,36551345.0,15,base_monetaria
2025-05-07,36874854.0,15,base_monetaria
2025-05-06,36649451.0,15,base_monetaria
2025-05-05,36854734.0,15,base_monetaria
2025-04-30,32698982.0,15,base_monetaria
2025-04-29,31591655.0,15,base_monetaria
2025-04-28,31123513.0,15,base_monetaria
2025-04-25,31494771.0,15,base_monetaria
2025-04-24,30917195.0,15,base_monetaria
2025-04-23,30799765.0,15,base_monetaria
2025-04-22,30535306.0,15,base_monetaria
2025-04-21,31540018.0,15,base_monetaria
2025-04-16,33430894.0,15,base_monetaria
2025-04-15,33925628.0,15,base_monetaria
2025-04-14,34015295.0,15,base_monetaria
2025-04-11,36723827.0,15,base_monetaria
2025-04-10,34413497.0,15,base_monetaria
2025-04-09,34124828.0,15,base_monetaria
2025-04-08,34496121.0,15,base_monetaria
2025-04-07,34275343.0,15,base_monetaria
2025-04-04,33767969.0,15,base_monetaria
2025-04-03,34468529.0,15,base_monetaria
2025-04-01,33924898.0,15,base_monetaria
2025-03-31,30534180.0,15,base_monetaria
2025-03-28,29892870.0,15,base_monetaria
2025-03-27,30090914.0,15,base_monetaria
2025-03-26,29851367.0,15,base_monetaria
2025-03-25,30148778.0,15,base_monetaria
2025-03-21,30157532.0,15,base_monetaria
2025-03-20,29715005.0,15,base_monetaria
2025-03-19,29992603.0,15,base_monetaria
2025-03-18,29885056.0,15,base_monetaria
2025-03-17,30215667.0,15,base_monetaria
2025-03-14,30562264.0,15,base_monetaria
2025-03-13,30051710.0,15,base_monetaria
2025-03-12,30493322.0,15,base_monetaria
2025-03-11,30475141.0,15,base_monetaria
2025-03-10,30146018.0,15,base_monetaria
2025-03-07,30856427.0,15,base_monetaria
2025-03-06,31125291.0,15,base_monetaria
2025-03-05,30759385.0,15,base_monetaria
2025-02-28,30282166.0,15,base_monetaria
2025-02-27,30179493.0,15,base_monetaria
2025-02-26,29103728.0,15,base_monetaria
2025-02-25,29229656.0,15,base_monetaria
2025-02-24,29282430.0,15,base_monetaria
2025-02-21,29449494.0,15,base_monetaria
2025-02-20,29063451.0,15,base_monetaria
2025-02-19,28991665.0,15,base_monetaria
2025-02-18,29264005.0,15,base_monetaria
2025-02-17,29278470.0,15,base_monetaria
2025-02-14,30388719.0,15,base_monetaria
2025-02-13,30533195.0,15,base_monetaria
2025-02-12,30436865.0,15,base_monetaria
2025-02-11,30640926.0,15,base_monetaria
2025-02-10,30993421.0,15,base_monetaria
2025-02-07,31310198.0,15,base_monetaria
2025-02-06,31034691.0,15,base_monetaria
2025-02-05,30901745.0,15,base_monetaria
2025-02-04,31793497.0,15,base_monetaria
2025-02-03,31194889.0,15,base_monetaria
2025-01-31,30246597.0,15,base_monetaria
2025-01-30,28999198.0,15,base_monetaria
2025-01-29,29196847.0,15,base_monetaria
2025-01-28,29616605.0,15,base_monetaria
2025-01-27,30451680.0,15,base_monetaria
2025-01-24,30008838.0,15,base_monetaria
2025-01-23,30058865.0,15,base_monetaria
2025-01-22,30090521.0,15,base_monetaria
2025-01-21,29894816.0,15,base_monetaria
2025-01-20,29983683.0,15,base_monetaria
2025-01-17,30146444.0,15,base_monetaria
2025-01-16,30188706.0,15,base_monetaria
2025-01-15,30122644.0,15,base_monetaria
2025-01-14,29244363.0,15,base_monetaria
2025-01-13,29988673.0,15,base_monetaria
2025-01-10,30414752.0,15,base_monetaria
2025-01-09,30687325.0,15,base_monetaria
2025-01-08,31138876.0,15,base_monetaria
2025-01-07,31025360.0,15,base_monetaria
2025-01-06,31269417.0,15,base_monetaria
2025-01-03,31660480.0,15,base_monetaria
2025-01-02,30977989.0,15,base_monetaria
2024-12-30,29728575.0,15,base_monetaria
2024-12-27,28148247.0,15,base_monetaria
2024-12-26,27902229.0,15,base_monetaria
2024-12-23,28371966.0,15,base_monetaria
2024-12-20,28395764.0,15,base_monetaria
2024-12-19,27743826.0,15,base_monetaria
2024-12-18,27711731.0,15,base_monetaria
2024-12-17,27719282.0,15,base_monetaria
2024-12-16,28000252.0,15,base_monetaria
2024-12-13,28040059.0,15,base_monetaria
2024-12-12,27226652.0,15,base_monetaria
2024-12-11,27161741.0,15,base_monetaria
2024-12-10,26867862.0,15,base_monetaria
2024-12-09,27216853.0,15,base_monetaria
2024-12-06,26939894.0,15,base_monetaria
2024-12-05,26449915.0,15,base_monetaria
2024-12-04,26380776.0,15,base_monetaria
2024-12-03,26447592.0,15,base_monetaria
2024-12-02,25014750.0,15,base_monetaria
2024-11-29,23823912.0,15,base_monetaria
2024-11-28,23995936.0,15,base_monetaria
2024-11-27,23369574.0,15,base_monetaria
2024-11-26,23317994.0,15,base_monetaria
2024-11-25,23330887.0,15,base_monetaria
2024-11-22,24046457.0,15,base_monetaria
2024-11-21,23824206.0,15,base_monetaria
2024-11-20,23983132.0,15,base_monetaria
2024-11-19,23943879.0,15,base_monetaria
2024-11-15,24895472.0,15,base_monetaria
2024-11-14,25053050.0,15,base_monetaria
2024-11-13,25164527.0,15,base_monetaria
2024-11-12,25178421.0,15,base_monetaria
2024-11-11,25849707.0,15,base_monetaria
2024-11-08,25776705.0,15,base_monetaria
2024-11-07,26103201.0,15,base_monetaria
2024-11-05,26160894.0,15,base_monetaria
2024-11-04,26060126.0,15,base_monetaria
2024-11-01,25347133.0,15,base_monetaria
2024-10-31,22715300.0,15,base_monetaria
2024-10-30,22501007.0,15,base_monetaria
2024-10-29,22150936.0,15,base_monetaria
2024-10-28,22202345.0,15,base_monetaria
2024-10-25,22685890.0,15,base_monetaria
2024-10-24,22507691.0,15,base_monetaria
2024-10-23,22775031.0,15,base_monetaria
2024-10-22,22914174.0,15,base_monetaria
2024-10-21,22706815.0,15,base_monetaria
2024-10-18,22522901.0,15,base_monetaria
2024-10-17,22676812.0,15,base_monetaria
2024-10-16,22644832.0,15,base_monetaria
2024-10-15,22743863.0,15,base_monetaria
2024-10-14,23545508.0,15,base_monetaria
2024-10-10,24964156.0,15,base_monetaria
2024-10-09,23876709.0,15,base_monetaria
2024-10-08,23956307.0,15,base_monetaria
2024-10-07,24006331.0,15,base_monetaria
2024-10-04,24159079.0,15,base_monetaria
2024-10-03,24190411.0,15,base_monetaria
2024-10-02,24129288.0,15,base_monetaria
2024-10-01,23753981.0,15,base_monetaria
2024-09-30,22396060.0,15,base_monetaria
2024-09-27,21794164.0,15,base_monetaria
2024-09-26,21732127.0,15,base_monetaria
2024-09-25,22010348.0,15,base_monetaria
2024-09-24,21840646.0,15,base_monetaria
2024-09-23,22393487.0,15,base_monetaria
2024-09-20,22594386.0,15,base_monetaria
2024-09-19,22298504.0,15,base_monetaria
2024-09-18,23026646.0,15,base_monetaria
2024-09-17,22881995.0,15,base_monetaria
2024-09-16,22707600.0,15,base_monetaria
2024-09-13,23179778.0,15,base_monetaria
2024-09-12,23319596.0,15,base_monetaria
2024-09-11,23265125.0,15,base_monetaria
2024-09-10,23025936.0,15,base_monetaria
2024-09-09,23392170.0,15,base_monetaria
2024-09-06,23683427.0,15,base_monetaria
2024-09-05,23419488.0,15,base_monetaria
2024-09-04,23730050.0,15,base_monetaria
2024-09-03,23395067.0,15,base_monetaria
2024-09-02,23079618.0,15,base_monetaria
2024-08-30,21953008.0,15,base_monetaria
2024-08-29,21965483.0,15,base_monetaria
2024-08-28,21277056.0,15,base_monetaria
2024-08-27,22194539.0,15,base_monetaria
2024-08-26,22009562.0,15,base_monetaria
2024-08-23,21982842.0,15,base_monetaria
2024-08-22,22030165.0,15,base_monetaria
2024-08-21,22093963.0,15,base_monetaria
2024-08-20,21879919.0,15,base_monetaria
2024-08-19,22237326.0,15,base_monetaria
2024-08-16,22476300.0,15,base_monetaria
2024-08-15,22495286.0,15,base_monetaria
2024-08-14,23124825.0,15,base_monetaria
2024-08-13,23200238.0,15,base_monetaria
2024-08-12,22642444.0,15,base_monetaria
2024-08-09,22571306.0,15,base_monetaria
2024-08-08,23210330.0,15,base_monetaria
2024-08-07,23119138.0,15,base_monetaria
2024-08-06,23257516.0,15,base_monetaria
2024-08-05,23753936.0,15,base_monetaria
2024-08-02,23293177.0,15,base_monetaria
2024-08-01,22775236.0,15,base_monetaria
2024-07-31,21822977.0,15,base_monetaria
2024-07-30,21092762.0,15,base_monetaria
2024-07-29,20918267.0,15,base_monetaria
2024-07-26,20657392.0,15,base_monetaria
2024-07-25,20411230.0,15,base_monetaria
2024-07-24,20526179.0,15,base_monetaria
2024-07-23,20887364.0,15,base_monetaria
2024-07-22,21426061.0,15,base_monetaria
2024-07-19,21544835.0,15,base_monetaria
2024-07-18,21290590.0,15,base_monetaria
2024-07-17,21002697.0,15,base_monetaria
2024-07-16,20795479.0,15,base_monetaria
2024-07-15,21194530.0,15,base_monetaria
2024-07-12,21714552.0,15,base_monetaria
2024-07-11,21286017.0,15,base_monetaria
2024-07-10,21518400.0,15,base_monetaria
2024-07-08,22136705.0,15,base_monetaria
2024-07-05,22097660.0,15,base_monetaria
2024-07-04,21878622.0,15,base_monetaria
2024-07-03,22080397.0,15,base_monetaria
2024-07-02,21904556.0,15,base_monetaria
2024-07-01,24291397.0,15,base_monetaria
2024-06-28,20182490.0,15,base_monetaria
2024-06-27,18604975.0,15,base_monetaria
2024-06-26,18585703.0,15,base_monetaria
2024-06-25,18190643.0,15,base_monetaria
2024-06-24,17940751.0,15,base_monetaria
2024-06-19,18775335.0,15,base_monetaria
2024-06-18,18289123.0,15,base_monetaria
2024-06-14,19065154.0,15,base_monetaria
2024-06-13,17191547.0,15,base_monetaria
2024-06-12,17472890.0,15,base_monetaria
2024-06-11,16686086.0,15,base_monetaria
2024-06-10,16935023.0,15,base_monetaria
2024-06-07,17752098.0,15,base_monetaria
2024-06-06,17217862.0,15,base_monetaria
2024-06-05,16869531.0,15,base_monetaria
2024-06-04,16642866.0,15,base_monetaria
2024-06-03,16701852.0,15,base_monetaria
2024-05-31,17151691.0,15,base_monetaria
2024-05-30,15927363.0,15,base_monetaria
2024-05-29,15568957.0,15,base_monetaria
2024-05-28,15478305.0,15,base_monetaria
2024-05-27,15234098.0,15,base_monetaria
2024-05-24,14959700.0,15,base_monetaria
2024-05-23,14674456.0,15,base_monetaria
2024-05-22,14565256.0,15,base_monetaria
2024-05-21,15122360.0,15,base_monetaria
2024-05-20,18070534.0,15,base_monetaria
2024-05-17,15826106.0,15,base_monetaria
2024-05-16,15817730.0,15,base_monetaria
2024-05-15,15938665.0,15,base_monetaria
2024-05-14,14125646.0,15,base_monetaria
2024-05-13,14005521.0,15,base_monetaria
2024-05-10,13971064.0,15,base_monetaria
2024-05-09,13888653.0,15,base_monetaria
2024-05-08,13946583.0,15,base_monetaria
2024-05-07,13474015.0,15,base_monetaria
2024-05-06,13533488.0,15,base_monetaria
2024-05-03,13375995.0,15,base_monetaria
2024-05-02,13245377.0,15,base_monetaria
2024-04-30,14969070.0,15,base_monetaria
2024-04-29,14034425.0,15,base_monetaria
2024-04-26,13672428.0,15,base_monetaria
2024-04-25,13540291.0,15,base_monetaria
2024-04-24,13344121.0,15,base_monetaria
2024-04-23,13306320.0,15,base_monetaria
2024-04-22,13180870.0,15,base_monetaria
2024-04-19,13156723.0,15,base_monetaria
2024-04-18,12681030.0,15,base_monetaria
2024-04-17,12639839.0,15,base_monetaria
2024-04-16,12674554.0,15,base_monetaria
2024-04-15,12377194.0,15,base_monetaria
2024-04-12,12224079.0,15,base_monetaria
2024-04-11,11820859.0,15,base_monetaria
2024-04-10,11645675.0,15,base_monetaria
2024-04-09,11668345.0,15,base_monetaria
2024-04-08,11627333.0,15,base_monetaria
2024-04-05,11744788.0,15,base_monetaria
2024-04-04,11600629.0,15,base_monetaria
2024-04-03,11604677.0,15,base_monetaria
2024-03-27,12463695.0,15,base_monetaria
2024-03-26,11232990.0,15,base_monetaria
2024-03-25,11191441.0,15,base_monetaria
2024-03-22,11319773.0,15,base_monetaria
2024-03-21,10826223.0,15,base_monetaria
2024-03-20,11249647.0,15,base_monetaria
2024-03-19,10590711.0,15,base_monetaria
2024-03-18,10556634.0,15,base_monetaria
2024-03-15,10505532.0,15,base_monetaria
2024-03-14,10479341.0,15,base_monetaria
2024-03-13,10801122.0,15,base_monetaria
2024-03-12,10795498.0,15,base_monetaria
2024-03-11,10823785.0,15,base_monetaria
2024-03-08,10830171.0,15,base_monetaria
2024-03-07,10768972.0,15,base_monetaria
2024-03-06,10597459.0,15,base_monetaria
2024-03-05,10643741.0,15,base_monetaria
2024-03-04,10767977.0,15,base_monetaria
2024-03-01,10792565.0,15,base_monetaria
2024-02-29,10541474.0,15,base_monetaria
2024-02-28,10401212.0,15,base_monetaria
2024-02-27,10298380.0,15,base_monetaria
2024-02-26,10544290.0,15,base_monetaria
2024-02-23,10346909.0,15,base_monetaria
2024-02-22,10345424.0,15,base_monetaria
2024-02-21,10339788.0,15,base_monetaria
2024-02-20,10381534.0,15,base_monetaria
2024-02-19,11111551.0,15,base_monetaria
2024-02-16,10397490.0,15,base_monetaria
2024-02-15,10391159.0,15,base_monetaria
2024-02-14,10493206.0,15,base_monetaria
2024-02-09,10633243.0,15,base_monetaria
2024-02-08,10488814.0,15,base_monetaria
2024-02-07,10430577.0,15,base_monetaria
2024-02-06,10394760.0,15,base_monetaria
2024-02-05,10442517.0,15,base_monetaria
2024-02-02,10613776.0,15,base_monetaria
2024-02-01,10430278.0,15,base_monetaria
2024-01-31,10923532.0,15,base_monetaria
2024-01-30,10326024.0,15,base_monetaria
2024-01-29,10406173.0,15,base_monetaria
2024-01-26,10649618.0,15,base_monetaria
2024-01-25,10325641.0,15,base_monetaria
2024-01-24,10351652.0,15,base_monetaria
2024-01-23,10363492.0,15,base_monetaria
2024-01-22,10144159.0,15,base_monetaria
2024-01-19,10253476.0,15,base_monetaria
2024-01-18,10209034.0,15,base_monetaria
2024-01-17,10829100.0,15,base_monetaria
2024-01-16,10371251.0,15,base_monetaria
2024-01-15,10357211.0,15,base_monetaria
2024-01-12,10261901.0,15,base_monetaria
2024-01-11,10266635.0,15,base_monetaria
2024-01-10,10274059.0,15,base_monetaria
2024-01-09,10286320.0,15,base_monetaria
2024-01-08,10005620.0,15,base_monetaria
2024-01-05,9832701.0,15,base_monetaria
2024-01-04,9692584.0,15,base_monetaria
2024-01-03,9676236.0,15,base_monetaria
2024-01-02,9698733.0,15,base_monetaria
2023-12-29,9607992.0,15,base_monetaria
2023-12-28,9205744.0,15,base_monetaria
2023-12-27,9226815.0,15,base_monetaria
2023-12-26,9213444.0,15,base_monetaria
2023-12-22,9030905.0,15,base_monetaria
2023-12-21,9167600.0,15,base_monetaria
2023-12-20,9044980.0,15,base_monetaria
2023-12-19,8953095.0,15,base_monetaria
2023-12-18,8901432.0,15,base_monetaria
2023-12-15,9032404.0,15,base_monetaria
2023-12-14,8839974.0,15,base_monetaria
2023-12-13,8854100.0,15,base_monetaria
2023-12-12,9927997.0,15,base_monetaria
2023-12-11,9770222.0,15,base_monetaria
2023-12-07,10124959.0,15,base_monetaria
2023-12-06,8944454.0,15,base_monetaria
2023-12-05,8913664.0,15,base_monetaria
2023-12-04,8457920.0,15,base_monetaria
2023-12-01,8510332.0,15,base_monetaria
2023-11-30,8973530.0,15,base_monetaria
2023-11-29,7906039.0,15,base_monetaria
2023-11-28,8141499.0,15,base_monetaria
2023-11-27,7990982.0,15,base_monetaria
2023-11-24,7885973.0,15,base_monetaria
2023-11-23,7755607.0,15,base_monetaria
2023-11-22,7675811.0,15,base_monetaria
2023-11-21,7696992.0,15,base_monetaria
2023-11-17,7834198.0,15,base_monetaria
2023-11-16,7758988.0,15,base_monetaria
2023-11-15,7732874.0,15,base_monetaria
2023-11-14,7692162.0,15,base_monetaria
2023-11-13,7637519.0,15,base_monetaria
2023-11-10,7719679.0,15,base_monetaria
2023-11-09,7669483.0,15,base_monetaria
2023-11-08,7672613.0,15,base_monetaria
2023-11-07,7688193.0,15,base_monetaria
2023-11-03,7694018.0,15,base_monetaria
2023-11-02,7554488.0,15,base_monetaria
2023-11-01,7450748.0,15,base_monetaria
2023-10-31,7237385.0,15,base_monetaria
2023-10-30,6971778.0,15,base_monetaria
2023-10-27,7058426.0,15,base_monetaria
2023-10-26,7047138.0,15,base_monetaria
2023-10-25,7022578.0,15,base_monetaria
2023-10-24,7063024.0,15,base_monetaria
2023-10-23,7054442.0,15,base_monetaria
2023-10-20,7339111.0,15,base_monetaria
2023-10-19,7350314.0,15,base_monetaria
2023-10-18,7194750.0,15,base_monetaria
2023-10-17,7319190.0,15,base_monetaria
2023-10-12,7621633.0,15,base_monetaria
2023-10-11,7307589.0,15,base_monetaria
2023-10-10,7259682.0,15,base_monetaria
2023-10-09,7087185.0,15,base_monetaria
2023-10-06,7137672.0,15,base_monetaria
2023-10-05,7025338.0,15,base_monetaria
2023-10-04,6977096.0,15,base_monetaria
2023-10-03,6962279.0,15,base_monetaria
2023-10-02,6856611.0,15,base_monetaria
2023-09-29,6828209.0,15,base_monetaria
2023-09-28,6492372.0,15,base_monetaria
2023-09-27,6524287.0,15,base_monetaria
2023-09-26,6501352.0,15,base_monetaria
2023-09-25,6455976.0,15,base_monetaria
2023-09-22,6464331.0,15,base_monetaria
2023-09-21,6467536.0,15,base_monetaria
2023-09-20,6412263.0,15,base_monetaria
2023-09-19,6385255.0,15,base_monetaria
2023-09-18,6339071.0,15,base_monetaria
2023-09-15,6413531.0,15,base_monetaria
2023-09-14,6603088.0,15,base_monetaria
2023-09-13,6590251.0,15,base_monetaria
2023-09-12,6607494.0,15,base_monetaria
2023-09-11,6558387.0,15,base_monetaria
2023-09-08,6552429.0,15,base_monetaria
2023-09-07,6620942.0,15,base_monetaria
2023-09-06,6520411.0,15,base_monetaria
2023-09-05,6576075.0,15,base_monetaria
2023-09-04,6526190.0,15,base_monetaria
2023-09-01,6620575.0,15,base_monetaria
2023-08-31,6621931.0,15,base_monetaria
2023-08-30,6149040.0,15,base_monetaria
2023-08-29,6114587.0,15,base_monetaria
2023-08-28,6166524.0,15,base_monetaria
2023-08-25,6486371.0,15,base_monetaria
2023-08-24,6385199.0,15,base_monetaria
2023-08-23,6380909.0,15,base_monetaria
2023-08-22,6354553.0,15,base_monetaria
2023-08-18,6462822.0,15,base_monetaria
2023-08-17,6454926.0,15,base_monetaria
2023-08-16,6415632.0,15,base_monetaria
2023-08-15,6520598.0,15,base_monetaria
2023-08-14,6486063.0,15,base_monetaria
2023-08-11,6604400.0,15,base_monetaria
2023-08-10,6479257.0,15,base_monetaria
2023-08-09,6387922.0,15,base_monetaria
2023-08-08,6417720.0,15,base_monetaria
2023-08-07,6399595.0,15,base_monetaria
2023-08-04,6399888.0,15,base_monetaria
2023-08-03,6348605.0,15,base_monetaria
2023-08-02,6318897.0,15,base_monetaria
2023-08-01,6378680.0,15,base_monetaria
2023-07-31,6392700.0,15,base_monetaria
2023-07-28,6194866.0,15,base_monetaria
2023-07-27,6219895.0,15,base_monetaria
2023-07-26,6157752.0,15,base_monetaria
2023-07-25,6165989.0,15,base_monetaria
2023-07-24,6069888.0,15,base_monetaria
2023-07-21,6124899.0,15,base_monetaria
2023-07-20,6088018.0,15,base_monetaria
2023-07-19,6038763.0,15,base_monetaria
2023-07-18,6027675.0,15,base_monetaria
2023-07-17,5961842.0,15,base_monetaria
2023-07-14,6017758.0,15,base_monetaria
2023-07-13,5971175.0,15,base_monetaria
2023-07-12,5953935.0,15,base_monetaria
2023-07-11,6022067.0,15,base_monetaria
2023-07-10,5944772.0,15,base_monetaria
2023-07-07,6669913.0,15,base_monetaria
2023-07-06,6543435.0,15,base_monetaria
2023-07-05,5840060.0,15,base_monetaria
2023-07-04,5871066.0,15,base_monetaria
2023-07-03,5933586.0,15,base_monetaria
2023-06-30,5885739.0,15,base_monetaria
2023-06-29,5726544.0,15,base_monetaria
2023-06-28,5657050.0,15,base_monetaria
2023-06-27,5661657.0,15,base_monetaria
2023-06-26,5611926.0,15,base_monetaria
2023-06-23,5688312.0,15,base_monetaria
2023-06-22,5600476.0,15,base_monetaria
2023-06-21,5519320.0,15,base_monetaria
2023-06-16,5612396.0,15,base_monetaria
2023-06-15,5597978.0,15,base_monetaria
2023-06-14,5584365.0,15,base_monetaria
2023-06-13,5632147.0,15,base_monetaria
2023-06-12,5639626.0,15,base_monetaria
2023-06-09,5571029.0,15,base_monetaria
2023-06-08,5507425.0,15,base_monetaria
2023-06-07,5477219.0,15,base_monetaria
2023-06-06,5457906.0,15,base_monetaria
2023-06-05,5427133.0,15,base_monetaria
2023-06-02,5571820.0,15,base_monetaria
2023-06-01,5573308.0,15,base_monetaria
2023-05-31,5576415.0,15,base_monetaria
2023-05-30,5509915.0,15,base_monetaria
2023-05-29,5443888.0,15,base_monetaria
2023-05-24,5430191.0,15,base_monetaria
2023-05-23,5361625.0,15,base_monetaria
2023-05-22,5330932.0,15,base_monetaria
2023-05-19,5292371.0,15,base_monetaria
2023-05-18,5285106.0,15,base_monetaria
2023-05-17,5234152.0,15,base_monetaria
2023-05-16,5263952.0,15,base_monetaria
2023-05-15,5273469.0,15,base_monetaria
2023-05-12,5333389.0,15,base_monetaria
2023-05-11,5412781.0,15,base_monetaria
2023-05-10,5421014.0,15,base_monetaria
2023-05-09,5472937.0,15,base_monetaria
2023-05-08,5440958.0,15,base_monetaria
2023-05-05,5476394.0,15,base_monetaria
2023-05-04,5478224.0,15,base_monetaria
2023-05-03,5430562.0,15,base_monetaria
2023-05-02,5416665.0,15,base_monetaria
2023-04-28,5366598.0,15,base_monetaria
2023-04-27,5199038.0,15,base_monetaria
2023-04-26,5128720.0,15,base_monetaria
2023-04-25,5109964.0,15,base_monetaria
2023-04-24,5100610.0,15,base_monetaria
2023-04-21,5117651.0,15,base_monetaria
2023-04-20,5078406.0,15,base_monetaria
2023-04-19,5094913.0,15,base_monetaria
2023-04-18,5112787.0,15,base_monetaria
2023-04-17,5172423.0,15,base_monetaria
2023-04-14,5147953.0,15,base_monetaria
2023-04-13,5187098.0,15,base_monetaria
2023-04-12,5194005.0,15,base_monetaria
2023-04-11,5286442.0,15,base_monetaria
2023-04-10,5324060.0,15,base_monetaria
2023-04-05,5435884.0,15,base_monetaria
2023-04-04,5269464.0,15,base_monetaria
2023-04-03,5287595.0,15,base_monetaria
2023-03-31,5369482.0,15,base_monetaria
2023-03-30,5214253.0,15,base_monetaria
2023-03-29,5090128.0,15,base_monetaria
2023-03-28,5133565.0,15,base_monetaria
2023-03-27,5108708.0,15,base_monetaria
2023-03-23,5107022.0,15,base_monetaria
2023-03-22,5093378.0,15,base_monetaria
2023-03-21,5078337.0,15,base_monetaria
2023-03-20,5075939.0,15,base_monetaria
2023-03-17,5147370.0,15,base_monetaria
2023-03-16,5205042.0,15,base_monetaria
2023-03-15,5225696.0,15,base_monetaria
2023-03-14,5289357.0,15,base_monetaria
2023-03-13,5161122.0,15,base_monetaria
2023-03-10,5188813.0,15,base_monetaria
2023-03-09,5206060.0,15,base_monetaria
2023-03-08,5176588.0,15,base_monetaria
2023-03-07,5172826.0,15,base_monetaria
2023-03-06,5136551.0,15,base_monetaria
2023-03-03,5168951.0,15,base_monetaria
2023-03-02,5151063.0,15,base_monetaria
2023-03-01,5167327.0,15,base_monetaria
2023-02-28,5219956.0,15,base_monetaria
2023-02-27,5126074.0,15,base_monetaria
2023-02-24,5180430.0,15,base_monetaria
2023-02-23,5253090.0,15,base_monetaria
2023-02-22,5275992.0,15,base_monetaria
2023-02-17,5297653.0,15,base_monetaria
2023-02-16,5320892.0,15,base_monetaria
2023-02-15,5265604.0,15,base_monetaria
2023-02-14,5205435.0,15,base_monetaria
2023-02-13,5207984.0,15,base_monetaria
2023-02-10,5247218.0,15,base_monetaria
2023-02-09,5237613.0,15,base_monetaria
2023-02-08,5201636.0,15,base_monetaria
2023-02-07,5232434.0,15,base_monetaria
2023-02-06,5224187.0,15,base_monetaria
2023-02-03,5232136.0,15,base_monetaria
2023-02-02,5180252.0,15,base_monetaria
2023-02-01,5363106.0,15,base_monetaria
2023-01-31,5316722.0,15,base_monetaria
2023-01-30,5230196.0,15,base_monetaria
2023-01-27,5334347.0,15,base_monetaria
2023-01-26,5256841.0,15,base_monetaria
2023-01-25,5245233.0,15,base_monetaria
2023-01-24,5314385.0,15,base_monetaria
2023-01-23,5364495.0,15,base_monetaria
2023-01-20,5310855.0,15,base_monetaria
2023-01-19,5302441.0,15,base_monetaria
2023-01-18,5294243.0,15,base_monetaria
2023-01-17,5331754.0,15,base_monetaria
2023-01-16,5376426.0,15,base_monetaria
2023-01-13,5319258.0,15,base_monetaria
2023-01-12,5293072.0,15,base_monetaria
2023-01-11,5348817.0,15,base_monetaria
2023-01-10,5303877.0,15,base_monetaria
2023-01-09,5366804.0,15,base_monetaria
2023-01-06,5228618.0,15,base_monetaria
2023-01-05,5234491.0,15,base_monetaria
2023-01-04,5247080.0,15,base_monetaria
2023-01-03,5219463.0,15,base_monetaria
2023-01-02,5200397.0,15,base_monetaria
2022-12-30,5203752.0,15,base_monetaria
2022-12-29,5169708.0,15,base_monetaria
2022-12-28,5050523.0,15,base_monetaria
2022-12-27,5003876.0,15,base_monetaria
2022-12-26,4934407.0,15,base_monetaria
2022-12-23,4839335.0,15,base_monetaria
2022-12-22,4852661.0,15,base_monetaria
2022-12-21,4783516.0,15,base_monetaria
2022-12-20,4996483.0,15,base_monetaria
2022-12-19,4858464.0,15,base_monetaria
2022-12-16,4781975.0,15,base_monetaria
2022-12-15,4862243.0,15,base_monetaria
2022-12-14,4687477.0,15,base_monetaria
2022-12-13,4749008.0,15,base_monetaria
2022-12-12,4844762.0,15,base_monetaria
2022-12-07,4633118.0,15,base_monetaria
2022-12-06,4599417.0,15,base_monetaria
2022-12-05,4618287.0,15,base_monetaria
2022-12-02,4413760.0,15,base_monetaria
2022-12-01,4550659.0,15,base_monetaria
2022-11-30,4507746.0,15,base_monetaria
2022-11-29,4436473.0,15,base_monetaria
2022-11-28,4567312.0,15,base_monetaria
2022-11-25,4428452.0,15,base_monetaria
2022-11-24,4430268.0,15,base_monetaria
2022-11-23,4458330.0,15,base_monetaria
2022-11-22,4597931.0,15,base_monetaria
2022-11-18,4354483.0,15,base_monetaria
2022-11-17,4414724.0,15,base_monetaria
2022-11-16,4379574.0,15,base_monetaria
2022-11-15,4397890.0,15,base_monetaria
2022-11-14,4361042.0,15,base_monetaria
2022-11-11,4338392.0,15,base_monetaria
2022-11-10,4382879.0,15,base_monetaria
2022-11-09,4341793.0,15,base_monetaria
2022-11-08,4339970.0,15,base_monetaria
2022-11-07,4413457.0,15,base_monetaria
2022-11-04,4324787.0,15,base_monetaria
2022-11-03,4307762.0,15,base_monetaria
2022-11-02,4277608.0,15,base_monetaria
2022-11-01,4342580.0,15,base_monetaria
2022-10-31,4298889.0,15,base_monetaria
2022-10-28,4267843.0,15,base_monetaria
2022-10-27,4317763.0,15,base_monetaria
2022-10-26,4207326.0,15,base_monetaria
2022-10-25,4173457.0,15,base_monetaria
2022-10-24,4252220.0,15,base_monetaria
2022-10-21,4176078.0,15,base_monetaria
2022-10-20,4219615.0,15,base_monetaria
2022-10-19,4164866.0,15,base_monetaria
2022-10-18,4243316.0,15,base_monetaria
2022-10-17,4220488.0,15,base_monetaria
2022-10-14,4137413.0,15,base_monetaria
2022-10-13,4209231.0,15,base_monetaria
2022-10-12,4173239.0,15,base_monetaria
2022-10-11,4351187.0,15,base_monetaria
2022-10-06,4312375.0,15,base_monetaria
2022-10-05,4296449.0,15,base_monetaria
2022-10-04,4156690.0,15,base_monetaria
2022-10-03,4190658.0,15,base_monetaria
2022-09-30,4099049.0,15,base_monetaria
2022-09-29,4178355.0,15,base_monetaria
2022-09-28,4038943.0,15,base_monetaria
2022-09-27,4168042.0,15,base_monetaria
2022-09-26,4094919.0,15,base_monetaria
2022-09-23,4070898.0,15,base_monetaria
2022-09-22,4082464.0,15,base_monetaria
2022-09-21,4032015.0,15,base_monetaria
2022-09-20,4062769.0,15,base_monetaria
2022-09-19,4284228.0,15,base_monetaria
2022-09-16,4110170.0,15,base_monetaria
2022-09-15,4264815.0,15,base_monetaria
2022-09-14,4107049.0,15,base_monetaria
2022-09-13,4173625.0,15,base_monetaria
2022-09-12,4276589.0,15,base_monetaria
2022-09-09,4143840.0,15,base_monetaria
2022-09-08,4228921.0,15,base_monetaria
2022-09-07,4254565.0,15,base_monetaria
2022-09-06,4393837.0,15,base_monetaria
2022-09-05,4408378.0,15,base_monetaria
2022-09-01,4318493.0,15,base_monetaria
2022-08-31,4191384.0,15,base_monetaria
2022-08-30,4218733.0,15,base_monetaria
2022-08-29,4340968.0,15,base_monetaria
2022-08-26,4211668.0,15,base_monetaria
2022-08-25,4236604.0,15,base_monetaria
2022-08-24,4193081.0,15,base_monetaria
2022-08-23,4147066.0,15,base_monetaria
2022-08-22,4289601.0,15,base_monetaria
2022-08-19,4246467.0,15,base_monetaria
2022-08-18,4256380.0,15,base_monetaria
2022-08-17,4360112.0,15,base_monetaria
2022-08-16,4363998.0,15,base_monetaria
2022-08-12,4275295.0,15,base_monetaria
2022-08-11,4312801.0,15,base_monetaria
2022-08-10,4411665.0,15,base_monetaria
2022-08-09,4368592.0,15,base_monetaria
2022-08-08,4364294.0,15,base_monetaria
2022-08-05,4301029.0,15,base_monetaria
2022-08-04,4357891.0,15,base_monetaria
2022-08-03,4355886.0,15,base_monetaria
2022-08-02,4390176.0,15,base_monetaria
2022-08-01,4367335.0,15,base_monetaria
2022-07-29,4316999.0,15,base_monetaria
2022-07-28,4245775.0,15,base_monetaria
2022-07-27,4209981.0,15,base_monetaria
2022-07-26,4226162.0,15,base_monetaria
2022-07-25,4204825.0,15,base_monetaria
2022-07-22,4203303.0,15,base_monetaria
2022-07-21,4166839.0,15,base_monetaria
2022-07-20,4162219.0,15,base_monetaria
2022-07-19,4263166.0,15,base_monetaria
2022-07-18,4170578.0,15,base_monetaria
2022-07-15,4123504.0,15,base_monetaria
2022-07-14,4193033.0,15,base_monetaria
2022-07-13,4199211.0,15,base_monetaria
2022-07-12,4206334.0,15,base_monetaria
2022-07-11,4311437.0,15,base_monetaria
2022-07-08,4209474.0,15,base_monetaria
2022-07-07,4197586.0,15,base_monetaria
2022-07-06,4275879.0,15,base_monetaria
2022-07-05,4239681.0,15,base_monetaria
2022-07-04,4244391.0,15,base_monetaria
2022-07-01,4165267.0,15,base_monetaria
2022-06-30,3981921.0,15,base_monetaria
2022-06-29,3947825.0,15,base_monetaria
2022-06-28,3952805.0,15,base_monetaria
2022-06-27,3926648.0,15,base_monetaria
2022-06-24,3866038.0,15,base_monetaria
2022-06-23,3878247.0,15,base_monetaria
2022-06-22,3847073.0,15,base_monetaria
2022-06-21,3940012.0,15,base_monetaria
2022-06-16,3934191.0,15,base_monetaria
2022-06-15,3933647.0,15,base_monetaria
2022-06-14,3916437.0,15,base_monetaria
2022-06-13,3925128.0,15,base_monetaria
2022-06-10,3841073.0,15,base_monetaria
2022-06-09,3806374.0,15,base_monetaria
2022-06-08,3818860.0,15,base_monetaria
2022-06-07,3831448.0,15,base_monetaria
2022-06-06,3925780.0,15,base_monetaria
2022-06-03,3830186.0,15,base_monetaria
2022-06-02,3838605.0,15,base_monetaria
2022-06-01,3981551.0,15,base_monetaria
2022-05-31,3767808.0,15,base_monetaria
2022-05-30,3667925.0,15,base_monetaria
2022-05-27,3701208.0,15,base_monetaria
2022-05-26,3698929.0,15,base_monetaria
2022-05-24,3703150.0,15,base_monetaria
2022-05-23,3723622.0,15,base_monetaria
2022-05-20,3672552.0,15,base_monetaria
2022-05-19,3686176.0,15,base_monetaria
2022-05-17,3677847.0,15,base_monetaria
2022-05-16,3741240.0,15,base_monetaria
2022-05-13,3662391.0,15,base_monetaria
2022-05-12,3672283.0,15,base_monetaria
2022-05-11,3741548.0,15,base_monetaria
2022-05-10,3697949.0,15,base_monetaria
2022-05-09,3749753.0,15,base_monetaria
2022-05-06,3730173.0,15,base_monetaria
2022-05-05,3685747.0,15,base_monetaria
2022-05-04,3727902.0,15,base_monetaria
2022-05-03,3719602.0,15,base_monetaria
2022-05-02,3736854.0,15,base_monetaria
2022-04-29,3509534.0,15,base_monetaria
2022-04-28,3460757.0,15,base_monetaria
2022-04-27,3449239.0,15,base_monetaria
2022-04-26,3522236.0,15,base_monetaria
2022-04-25,3640121.0,15,base_monetaria
2022-04-22,3485925.0,15,base_monetaria
2022-04-21,3547388.0,15,base_monetaria
2022-04-20,3515340.0,15,base_monetaria
2022-04-19,3521457.0,15,base_monetaria
2022-04-18,3647250.0,15,base_monetaria
2022-04-13,3712850.0,15,base_monetaria
2022-04-12,3818835.0,15,base_monetaria
2022-04-11,3691087.0,15,base_monetaria
2022-04-08,3657293.0,15,base_monetaria
2022-04-07,3660843.0,15,base_monetaria
2022-04-06,3573493.0,15,base_monetaria
2022-04-05,3687780.0,15,base_monetaria
2022-04-04,3835313.0,15,base_monetaria
2022-04-01,3759067.0,15,base_monetaria
2022-03-31,3513786.0,15,base_monetaria
2022-03-30,3494947.0,15,base_monetaria
2022-03-29,3564693.0,15,base_monetaria
2022-03-28,3514935.0,15,base_monetaria
2022-03-25,3601183.0,15,base_monetaria
2022-03-23,3598244.0,15,base_monetaria
2022-03-22,3710681.0,15,base_monetaria
2022-03-21,3677932.0,15,base_monetaria
2022-03-18,3733358.0,15,base_monetaria
2022-03-17,3867691.0,15,base_monetaria
2022-03-16,3724991.0,15,base_monetaria
2022-03-15,3762723.0,15,base_monetaria
2022-03-14,3757992.0,15,base_monetaria
2022-03-11,3676551.0,15,base_monetaria
2022-03-10,3650911.0,15,base_monetaria
2022-03-09,3684755.0,15,base_monetaria
2022-03-08,3643296.0,15,base_monetaria
2022-03-07,3647577.0,15,base_monetaria
2022-03-04,3624995.0,15,base_monetaria
2022-03-03,3675710.0,15,base_monetaria
2022-03-02,3798880.0,15,base_monetaria
2022-02-25,3672002.0,15,base_monetaria
2022-02-24,3676507.0,15,base_monetaria
2022-02-23,3592761.0,15,base_monetaria
2022-02-22,3644962.0,15,base_monetaria
2022-02-21,3812115.0,15,base_monetaria
2022-02-18,3729418.0,15,base_monetaria
2022-02-17,3821174.0,15,base_monetaria
2022-02-16,3906529.0,15,base_monetaria
2022-02-15,3994573.0,15,base_monetaria
2022-02-14,3926458.0,15,base_monetaria
2022-02-11,3784898.0,15,base_monetaria
2022-02-10,3745962.0,15,base_monetaria
2022-02-09,3709414.0,15,base_monetaria
2022-02-08,3750052.0,15,base_monetaria
2022-02-07,3631309.0,15,base_monetaria
2022-02-04,3705419.0,15,base_monetaria
2022-02-03,3729270.0,15,base_monetaria
2022-02-02,3857121.0,15,base_monetaria
2022-02-01,3880988.0,15,base_monetaria
2022-01-31,3631047.0,15,base_monetaria
2022-01-28,3643133.0,15,base_monetaria
2022-01-27,3597892.0,15,base_monetaria
2022-01-26,3620102.0,15,base_monetaria
2022-01-25,3609733.0,15,base_monetaria
2022-01-24,3659413.0,15,base_monetaria
2022-01-21,3547947.0,15,base_monetaria
2022-01-20,3546894.0,15,base_monetaria
2022-01-19,3588642.0,15,base_monetaria
2022-01-18,3602872.0,15,base_monetaria
2022-01-17,3772372.0,15,base_monetaria
2022-01-14,3644760.0,15,base_monetaria
2022-01-13,3521623.0,15,base_monetaria
2022-01-12,3602002.0,15,base_monetaria
2022-01-11,3569643.0,15,base_monetaria
2022-01-10,3780254.0,15,base_monetaria
2022-01-07,3761928.0,15,base_monetaria
2022-01-06,4326335.0,15,base_monetaria
2022-01-05,3950424.0,15,base_monetaria
2022-01-04,3851298.0,15,base_monetaria
2022-01-03,3922697.0,15,base_monetaria
2021-12-30,3654036.0,15,base_monetaria
2021-12-29,3531006.0,15,base_monetaria
2021-12-28,3538734.0,15,base_monetaria
2021-12-27,3489909.0,15,base_monetaria
2021-12-23,3489783.0,15,base_monetaria
2021-12-22,3315613.0,15,base_monetaria
2021-12-21,3405171.0,15,base_monetaria
2021-12-20,3393968.0,15,base_monetaria
2021-12-17,3413244.0,15,base_monetaria
2021-12-16,3321258.0,15,base_monetaria
2021-12-15,3197164.0,15,base_monetaria
2021-12-14,3423739.0,15,base_monetaria
2021-12-13,3389557.0,15,base_monetaria
2021-12-10,3376032.0,15,base_monetaria
2021-12-09,3392042.0,15,base_monetaria
2021-12-07,3257432.0,15,base_monetaria
2021-12-06,3214145.0,15,base_monetaria
2021-12-03,3301278.0,15,base_monetaria
2021-12-02,3299781.0,15,base_monetaria
2021-12-01,3263055.0,15,base_monetaria
2021-11-30,3136142.0,15,base_monetaria
2021-11-29,3134319.0,15,base_monetaria
2021-11-26,3184239.0,15,base_monetaria
2021-11-25,3213538.0,15,base_monetaria
2021-11-24,3163607.0,15,base_monetaria
2021-11-23,3147557.0,15,base_monetaria
2021-11-19,3059697.0,15,base_monetaria
2021-11-18,3106600.0,15,base_monetaria
2021-11-17,3190719.0,15,base_monetaria
2021-11-16,3188435.0,15,base_monetaria
2021-11-15,3267124.0,15,base_monetaria
2021-11-12,3300831.0,15,base_monetaria
2021-11-11,3344444.0,15,base_monetaria
2021-11-10,3255993.0,15,base_monetaria
2021-11-09,3172862.0,15,base_monetaria
2021-11-08,3026821.0,15,base_monetaria
2021-11-05,3055962.0,15,base_monetaria
2021-11-04,3097983.0,15,base_monetaria
2021-11-03,3068847.0,15,base_monetaria
2021-11-02,3035484.0,15,base_monetaria
2021-11-01,3030496.0,15,base_monetaria
2021-10-29,3009289.0,15,base_monetaria
2021-10-28,3084500.0,15,base_monetaria
2021-10-27,3049042.0,15,base_monetaria
2021-10-26,2939786.0,15,base_monetaria
2021-10-25,2918527.0,15,base_monetaria
2021-10-22,2965641.0,15,base_monetaria
2021-10-21,2972936.0,15,base_monetaria
2021-10-20,3006634.0,15,base_monetaria
2021-10-19,3058652.0,15,base_monetaria
2021-10-18,2923563.0,15,base_monetaria
2021-10-15,3077232.0,15,base_monetaria
2021-10-14,3178258.0,15,base_monetaria
2021-10-13,3179100.0,15,base_monetaria
2021-10-12,3215071.0,15,base_monetaria
2021-10-07,2918475.0,15,base_monetaria
2021-10-06,3072931.0,15,base_monetaria
2021-10-05,3074755.0,15,base_monetaria
2021-10-04,3037057.0,15,base_monetaria
2021-10-01,2943038.0,15,base_monetaria
2021-09-30,2940337.0,15,base_monetaria
2021-09-29,2944371.0,15,base_monetaria
2021-09-28,2964515.0,15,base_monetaria
2021-09-27,2942982.0,15,base_monetaria
2021-09-24,2961233.0,15,base_monetaria
2021-09-23,2947787.0,15,base_monetaria
2021-09-22,2890603.0,15,base_monetaria
2021-09-21,2871841.0,15,base_monetaria
2021-09-20,2875486.0,15,base_monetaria
2021-09-17,2944141.0,15,base_monetaria
2021-09-16,2888959.0,15,base_monetaria
2021-09-15,2910577.0,15,base_monetaria
2021-09-14,2860544.0,15,base_monetaria
2021-09-13,2925868.0,15,base_monetaria
2021-09-10,2971951.0,15,base_monetaria
2021-09-09,2972617.0,15,base_monetaria
2021-09-08,2959929.0,15,base_monetaria
2021-09-07,2917656.0,15,base_monetaria
2021-09-06,2905498.0,15,base_monetaria
2021-09-03,2945304.0,15,base_monetaria
2021-09-02,2979449.0,15,base_monetaria
2021-09-01,2949957.0,15,base_monetaria
2021-08-31,2866832.0,15,base_monetaria
2021-08-30,2857516.0,15,base_monetaria
2021-08-27,2897670.0,15,base_monetaria
2021-08-26,2868546.0,15,base_monetaria
2021-08-25,2853010.0,15,base_monetaria
2021-08-24,2853456.0,15,base_monetaria
2021-08-23,2796851.0,15,base_monetaria
2021-08-20,2976902.0,15,base_monetaria
2021-08-19,2974679.0,15,base_monetaria
2021-08-18,2993495.0,15,base_monetaria
2021-08-17,2989911.0,15,base_monetaria
2021-08-13,2930003.0,15,base_monetaria
2021-08-12,2942170.0,15,base_monetaria
2021-08-11,2964236.0,15,base_monetaria
2021-08-10,2939852.0,15,base_monetaria
2021-08-09,2941855.0,15,base_monetaria
2021-08-06,2951370.0,15,base_monetaria
2021-08-05,2972359.0,15,base_monetaria
2021-08-04,3000129.0,15,base_monetaria
2021-08-03,3016463.0,15,base_monetaria
2021-08-02,2949040.0,15,base_monetaria
2021-07-30,2783078.0,15,base_monetaria
2021-07-29,2809734.0,15,base_monetaria
2021-07-28,2764475.0,15,base_monetaria
2021-07-27,2801581.0,15,base_monetaria
2021-07-26,2867255.0,15,base_monetaria
2021-07-23,2901394.0,15,base_monetaria
2021-07-22,2957413.0,15,base_monetaria
2021-07-21,2891842.0,15,base_monetaria
2021-07-20,2912980.0,15,base_monetaria
2021-07-19,2912908.0,15,base_monetaria
2021-07-16,2848678.0,15,base_monetaria
2021-07-15,3030974.0,15,base_monetaria
2021-07-14,2980108.0,15,base_monetaria
2021-07-13,2942228.0,15,base_monetaria
2021-07-12,2976047.0,15,base_monetaria
2021-07-08,2770568.0,15,base_monetaria
2021-07-07,2838177.0,15,base_monetaria
2021-07-06,2810470.0,15,base_monetaria
2021-07-05,2762422.0,15,base_monetaria
2021-07-02,2769891.0,15,base_monetaria
2021-07-01,2816079.0,15,base_monetaria
2021-06-30,2735557.0,15,base_monetaria
2021-06-29,2728406.0,15,base_monetaria
2021-06-28,2729348.0,15,base_monetaria
2021-06-25,2869901.0,15,base_monetaria
2021-06-24,2839299.0,15,base_monetaria
2021-06-23,2816300.0,15,base_monetaria
2021-06-22,2892146.0,15,base_monetaria
2021-06-18,2740996.0,15,base_monetaria
2021-06-17,2720273.0,15,base_monetaria
2021-06-16,2709609.0,15,base_monetaria
2021-06-15,2716996.0,15,base_monetaria
2021-06-14,2673594.0,15,base_monetaria
2021-06-11,2615894.0,15,base_monetaria
2021-06-10,2657276.0,15,base_monetaria
2021-06-09,2645905.0,15,base_monetaria
2021-06-08,2600624.0,15,base_monetaria
2021-06-07,2653858.0,15,base_monetaria
2021-06-04,2609325.0,15,base_monetaria
2021-06-03,2635833.0,15,base_monetaria
2021-06-02,2664607.0,15,base_monetaria
2021-06-01,2485353.0,15,base_monetaria
2021-05-31,2517197.0,15,base_monetaria
2021-05-28,2635448.0,15,base_monetaria
2021-05-27,2663919.0,15,base_monetaria
2021-05-26,2677351.0,15,base_monetaria
2021-05-21,2503830.0,15,base_monetaria
2021-05-20,2514377.0,15,base_monetaria
2021-05-19,2525089.0,15,base_monetaria
2021-05-18,2506456.0,15,base_monetaria
2021-05-17,2485543.0,15,base_monetaria
2021-05-14,2525604.0,15,base_monetaria
2021-05-13,2546423.0,15,base_monetaria
2021-05-12,2538706.0,15,base_monetaria
2021-05-11,2545019.0,15,base_monetaria
2021-05-10,2502577.0,15,base_monetaria
2021-05-07,2489384.0,15,base_monetaria
2021-05-06,2535872.0,15,base_monetaria
2021-05-05,2530426.0,15,base_monetaria
2021-05-04,2529073.0,15,base_monetaria
2021-05-03,2493895.0,15,base_monetaria
2021-04-30,2370115.0,15,base_monetaria
2021-04-29,2406780.0,15,base_monetaria
2021-04-28,2490201.0,15,base_monetaria
2021-04-27,2482754.0,15,base_monetaria
2021-04-26,2487344.0,15,base_monetaria
2021-04-23,2468922.0,15,base_monetaria
2021-04-22,2503100.0,15,base_monetaria
2021-04-21,2492290.0,15,base_monetaria
2021-04-20,2490132.0,15,base_monetaria
2021-04-19,2493866.0,15,base_monetaria
2021-04-16,2404354.0,15,base_monetaria
2021-04-15,2511459.0,15,base_monetaria
2021-04-14,2530671.0,15,base_monetaria
2021-04-13,2570189.0,15,base_monetaria
2021-04-12,2585056.0,15,base_monetaria
2021-04-09,2530229.0,15,base_monetaria
2021-04-08,2640843.0,15,base_monetaria
2021-04-07,2795604.0,15,base_monetaria
2021-04-06,2801453.0,15,base_monetaria
2021-04-05,2862387.0,15,base_monetaria
2021-03-31,2432295.0,15,base_monetaria
2021-03-30,2521952.0,15,base_monetaria
2021-03-29,2501939.0,15,base_monetaria
2021-03-26,2461103.0,15,base_monetaria
2021-03-25,2494198.0,15,base_monetaria
2021-03-23,2447033.0,15,base_monetaria
2021-03-22,2466375.0,15,base_monetaria
2021-03-19,2454568.0,15,base_monetaria
2021-03-18,2427307.0,15,base_monetaria
2021-03-17,2443498.0,15,base_monetaria
2021-03-16,2459756.0,15,base_monetaria
2021-03-15,2543815.0,15,base_monetaria
2021-03-12,2549929.0,15,base_monetaria
2021-03-11,2577342.0,15,base_monetaria
2021-03-10,2634796.0,15,base_monetaria
2021-03-09,2574614.0,15,base_monetaria
2021-03-08,2596872.0,15,base_monetaria
2021-03-05,2641427.0,15,base_monetaria
2021-03-04,2638495.0,15,base_monetaria
2021-03-03,2630133.0,15,base_monetaria
2021-03-02,2508545.0,15,base_monetaria
2021-03-01,2512473.0,15,base_monetaria
2021-02-26,2408886.0,15,base_monetaria
2021-02-25,2485827.0,15,base_monetaria
2021-02-24,2523208.0,15,base_monetaria
2021-02-23,2556455.0,15,base_monetaria
2021-02-22,2653841.0,15,base_monetaria
2021-02-19,2710428.0,15,base_monetaria
2021-02-18,2699549.0,15,base_monetaria
2021-02-17,2754618.0,15,base_monetaria
2021-02-12,2515279.0,15,base_monetaria
2021-02-11,2542903.0,15,base_monetaria
2021-02-10,2591009.0,15,base_monetaria
2021-02-09,2588417.0,15,base_monetaria
2021-02-08,2634436.0,15,base_monetaria
2021-02-05,2586380.0,15,base_monetaria
2021-02-04,2599444.0,15,base_monetaria
2021-02-03,2610745.0,15,base_monetaria
2021-02-02,2606204.0,15,base_monetaria
2021-02-01,2604378.0,15,base_monetaria
2021-01-29,2481310.0,15,base_monetaria
2021-01-28,2592948.0,15,base_monetaria
2021-01-27,2563543.0,15,base_monetaria
2021-01-26,2600284.0,15,base_monetaria
2021-01-25,2622777.0,15,base_monetaria
2021-01-22,2617990.0,15,base_monetaria
2021-01-21,2606416.0,15,base_monetaria
2021-01-20,2602345.0,15,base_monetaria
2021-01-19,2570533.0,15,base_monetaria
2021-01-18,2565029.0,15,base_monetaria
2021-01-15,2599580.0,15,base_monetaria
2021-01-14,2631199.0,15,base_monetaria
2021-01-13,2658564.0,15,base_monetaria
2021-01-12,2600714.0,15,base_monetaria
2021-01-11,2594939.0,15,base_monetaria
2021-01-08,2573812.0,15,base_monetaria
2021-01-07,2683991.0,15,base_monetaria
2021-01-06,2659023.0,15,base_monetaria
2021-01-05,2619285.0,15,base_monetaria
2021-01-04,2626749.0,15,base_monetaria
2020-12-30,2470260.0,15,base_monetaria
2020-12-29,2581644.0,15,base_monetaria
2020-12-28,2545437.0,15,base_monetaria
2020-12-23,2402795.0,15,base_monetaria
2020-12-22,2478663.0,15,base_monetaria
2020-12-21,2443707.0,15,base_monetaria
2020-12-18,2433294.0,15,base_monetaria
2020-12-17,2400649.0,15,base_monetaria
2020-12-16,2345703.0,15,base_monetaria
2020-12-15,2357286.0,15,base_monetaria
2020-12-14,2399648.0,15,base_monetaria
2020-12-11,2453191.0,15,base_monetaria
2020-12-10,2498015.0,15,base_monetaria
2020-12-09,2499287.0,15,base_monetaria
2020-12-04,2381734.0,15,base_monetaria
2020-12-03,2373349.0,15,base_monetaria
2020-12-02,2381678.0,15,base_monetaria
2020-12-01,2348085.0,15,base_monetaria
2020-11-30,2227275.0,15,base_monetaria
2020-11-27,2335991.0,15,base_monetaria
2020-11-26,2309235.0,15,base_monetaria
2020-11-25,2298324.0,15,base_monetaria
2020-11-24,2317419.0,15,base_monetaria
2020-11-20,2298696.0,15,base_monetaria
2020-11-19,2300776.0,15,base_monetaria
2020-11-18,2357935.0,15,base_monetaria
2020-11-17,2357825.0,15,base_monetaria
2020-11-16,2366821.0,15,base_monetaria
2020-11-13,2346526.0,15,base_monetaria
2020-11-12,2423619.0,15,base_monetaria
2020-11-11,2376501.0,15,base_monetaria
2020-11-10,2421672.0,15,base_monetaria
2020-11-09,2449160.0,15,base_monetaria
2020-11-05,2360225.0,15,base_monetaria
2020-11-04,2338550.0,15,base_monetaria
2020-11-03,2338313.0,15,base_monetaria
2020-11-02,2340064.0,15,base_monetaria
2020-10-30,2225061.0,15,base_monetaria
2020-10-29,2246622.0,15,base_monetaria
2020-10-28,2271986.0,15,base_monetaria
2020-10-27,2239999.0,15,base_monetaria
2020-10-26,2314316.0,15,base_monetaria
2020-10-23,2279626.0,15,base_monetaria
2020-10-22,2255762.0,15,base_monetaria
2020-10-21,2263836.0,15,base_monetaria
2020-10-20,2263791.0,15,base_monetaria
2020-10-19,2294029.0,15,base_monetaria
2020-10-16,2285442.0,15,base_monetaria
2020-10-15,2310573.0,15,base_monetaria
2020-10-14,2302943.0,15,base_monetaria
2020-10-13,2340564.0,15,base_monetaria
2020-10-09,2301193.0,15,base_monetaria
2020-10-08,2355836.0,15,base_monetaria
2020-10-07,2384162.0,15,base_monetaria
2020-10-06,2452874.0,15,base_monetaria
2020-10-05,2435624.0,15,base_monetaria
2020-10-02,2404536.0,15,base_monetaria
2020-10-01,2588971.0,15,base_monetaria
2020-09-30,2393695.0,15,base_monetaria
2020-09-29,2295292.0,15,base_monetaria
2020-09-28,2313631.0,15,base_monetaria
2020-09-25,2254072.0,15,base_monetaria
2020-09-24,2297638.0,15,base_monetaria
2020-09-23,2278055.0,15,base_monetaria
2020-09-22,2311979.0,15,base_monetaria
2020-09-21,2346077.0,15,base_monetaria
2020-09-18,2280774.0,15,base_monetaria
2020-09-17,2314381.0,15,base_monetaria
2020-09-16,2288070.0,15,base_monetaria
2020-09-15,2287039.0,15,base_monetaria
2020-09-14,2336090.0,15,base_monetaria
2020-09-11,2281287.0,15,base_monetaria
2020-09-10,2276743.0,15,base_monetaria
2020-09-09,2286756.0,15,base_monetaria
2020-09-08,2301723.0,15,base_monetaria
2020-09-07,2310407.0,15,base_monetaria
2020-09-04,2384669.0,15,base_monetaria
2020-09-03,2384708.0,15,base_monetaria
2020-09-02,2411436.0,15,base_monetaria
2020-09-01,2359206.0,15,base_monetaria
2020-08-31,2287225.0,15,base_monetaria
2020-08-28,2324757.0,15,base_monetaria
2020-08-27,2280186.0,15,base_monetaria
2020-08-26,2266143.0,15,base_monetaria
2020-08-25,2278112.0,15,base_monetaria
2020-08-24,2264148.0,15,base_monetaria
2020-08-21,2259074.0,15,base_monetaria
2020-08-20,2280254.0,15,base_monetaria
2020-08-19,2269508.0,15,base_monetaria
2020-08-18,2284875.0,15,base_monetaria
2020-08-14,2271473.0,15,base_monetaria
2020-08-13,2304144.0,15,base_monetaria
2020-08-12,2365960.0,15,base_monetaria
2020-08-11,2348870.0,15,base_monetaria
2020-08-10,2389351.0,15,base_monetaria
2020-08-07,2344231.0,15,base_monetaria
2020-08-06,2400520.0,15,base_monetaria
2020-08-05,2454570.0,15,base_monetaria
2020-08-04,2497358.0,15,base_monetaria
2020-08-03,2506974.0,15,base_monetaria
2020-07-31,2428900.0,15,base_monetaria
2020-07-30,2386046.0,15,base_monetaria
2020-07-29,2291366.0,15,base_monetaria
2020-07-28,2281202.0,15,base_monetaria
2020-07-27,2260822.0,15,base_monetaria
2020-07-24,2262955.0,15,base_monetaria
2020-07-23,2281662.0,15,base_monetaria
2020-07-22,2282579.0,15,base_monetaria
2020-07-21,2274834.0,15,base_monetaria
2020-07-20,2258381.0,15,base_monetaria
2020-07-17,2221876.0,15,base_monetaria
2020-07-16,2268727.0,15,base_monetaria
2020-07-15,2288342.0,15,base_monetaria
2020-07-14,2338952.0,15,base_monetaria
2020-07-13,2355011.0,15,base_monetaria
2020-07-08,2270921.0,15,base_monetaria
2020-07-07,2388267.0,15,base_monetaria
2020-07-06,2373767.0,15,base_monetaria
2020-07-03,2368607.0,15,base_monetaria
2020-07-02,2377474.0,15,base_monetaria
2020-07-01,2359097.0,15,base_monetaria
2020-06-30,2164501.0,15,base_monetaria
2020-06-29,2202384.0,15,base_monetaria
2020-06-26,2171372.0,15,base_monetaria
2020-06-25,2140685.0,15,base_monetaria
2020-06-24,2142800.0,15,base_monetaria
2020-06-23,2135566.0,15,base_monetaria
2020-06-22,2213496.0,15,base_monetaria
2020-06-19,2110301.0,15,base_monetaria
2020-06-18,2118509.0,15,base_monetaria
2020-06-17,2114902.0,15,base_monetaria
2020-06-16,2121457.0,15,base_monetaria
2020-06-12,2097591.0,15,base_monetaria
2020-06-11,2101009.0,15,base_monetaria
2020-06-10,2127641.0,15,base_monetaria
2020-06-09,2115343.0,15,base_monetaria
2020-06-08,2113038.0,15,base_monetaria
2020-06-05,2138987.0,15,base_monetaria
2020-06-04,2175533.0,15,base_monetaria
2020-06-03,2204817.0,15,base_monetaria
2020-06-02,2218153.0,15,base_monetaria
2020-06-01,2411499.0,15,base_monetaria
2020-05-29,2131292.0,15,base_monetaria
2020-05-28,2049428.0,15,base_monetaria
2020-05-27,1983720.0,15,base_monetaria
2020-05-26,2026404.0,15,base_monetaria
2020-05-22,1987395.0,15,base_monetaria
2020-05-21,2000492.0,15,base_monetaria
2020-05-20,1993629.0,15,base_monetaria
2020-05-19,2039211.0,15,base_monetaria
2020-05-18,2255996.0,15,base_monetaria
2020-05-15,2504806.0,15,base_monetaria
2020-05-14,2343802.0,15,base_monetaria
2020-05-13,2326714.0,15,base_monetaria
2020-05-12,2390593.0,15,base_monetaria
2020-05-11,2363214.0,15,base_monetaria
2020-05-08,2285781.0,15,base_monetaria
2020-05-07,2301061.0,15,base_monetaria
2020-05-06,2356666.0,15,base_monetaria
2020-05-05,2460350.0,15,base_monetaria
2020-05-04,2411298.0,15,base_monetaria
2020-04-30,1867128.0,15,base_monetaria
2020-04-29,1780058.0,15,base_monetaria
2020-04-28,1830951.0,15,base_monetaria
2020-04-27,1866499.0,15,base_monetaria
2020-04-24,1800129.0,15,base_monetaria
2020-04-23,1858122.0,15,base_monetaria
2020-04-22,1873799.0,15,base_monetaria
2020-04-21,1900283.0,15,base_monetaria
2020-04-20,1926009.0,15,base_monetaria
2020-04-17,1931880.0,15,base_monetaria
2020-04-16,2426033.0,15,base_monetaria
2020-04-15,2438830.0,15,base_monetaria
2020-04-14,2440687.0,15,base_monetaria
2020-04-13,2438610.0,15,base_monetaria
2020-04-08,2441939.0,15,base_monetaria
2020-04-07,2449458.0,15,base_monetaria
2020-04-06,2412207.0,15,base_monetaria
2020-04-03,2433495.0,15,base_monetaria
2020-04-02,2433387.0,15,base_monetaria
2020-04-01,2392910.0,15,base_monetaria
2020-03-30,2292083.0,15,base_monetaria
2020-03-27,2214596.0,15,base_monetaria
2020-03-26,2313096.0,15,base_monetaria
2020-03-25,2205888.0,15,base_monetaria
2020-03-20,2024399.0,15,base_monetaria
2020-03-19,2025391.0,15,base_monetaria
2020-03-18,1919989.0,15,base_monetaria
2020-03-17,1918092.0,15,base_monetaria
2020-03-16,1856922.0,15,base_monetaria
2020-03-13,1856208.0,15,base_monetaria
2020-03-12,1859656.0,15,base_monetaria
2020-03-11,1804267.0,15,base_monetaria
2020-03-10,1786615.0,15,base_monetaria
2020-03-09,1727244.0,15,base_monetaria
2020-03-06,1720330.0,15,base_monetaria
2020-03-05,1703459.0,15,base_monetaria
2020-03-04,1703553.0,15,base_monetaria
2020-03-03,1738489.0,15,base_monetaria
2020-03-02,1814114.0,15,base_monetaria
2020-02-28,1716134.0,15,base_monetaria
2020-02-27,1716359.0,15,base_monetaria
2020-02-26,1807042.0,15,base_monetaria
2020-02-21,1855477.0,15,base_monetaria
2020-02-20,1887975.0,15,base_monetaria
2020-02-19,1941904.0,15,base_monetaria
2020-02-18,1941302.0,15,base_monetaria
2020-02-17,1966178.0,15,base_monetaria
2020-02-14,1954965.0,15,base_monetaria
2020-02-13,1957388.0,15,base_monetaria
2020-02-12,1928262.0,15,base_monetaria
2020-02-11,1930746.0,15,base_monetaria
2020-02-10,1906657.0,15,base_monetaria
2020-02-07,1902031.0,15,base_monetaria
2020-02-06,1887225.0,15,base_monetaria
2020-02-05,1813917.0,15,base_monetaria
2020-02-04,1813619.0,15,base_monetaria
2020-02-03,1743752.0,15,base_monetaria
2020-01-31,1708871.0,15,base_monetaria
2020-01-30,1697771.0,15,base_monetaria
2020-01-29,1749329.0,15,base_monetaria
2020-01-28,1791338.0,15,base_monetaria
2020-01-27,1906763.0,15,base_monetaria
2020-01-24,1679108.0,15,base_monetaria
2020-01-23,1597283.0,15,base_monetaria
2020-01-22,1703587.0,15,base_monetaria
2020-01-21,1714912.0,15,base_monetaria
2020-01-20,1627338.0,15,base_monetaria
2020-01-17,1583841.0,15,base_monetaria
2020-01-16,1591464.0,15,base_monetaria
2020-01-15,1595328.0,15,base_monetaria
2020-01-14,1611237.0,15,base_monetaria
2020-01-13,1628269.0,15,base_monetaria
2020-01-10,1606490.0,15,base_monetaria
2020-01-09,1628434.0,15,base_monetaria
2020-01-08,1642612.0,15,base_monetaria
2020-01-07,1680836.0,15,base_monetaria
2020-01-06,1721191.0,15,base_monetaria
2020-01-03,1834617.0,15,base_monetaria
2020-01-02,1877287.0,15,base_monetaria
2026-06-30,1.9,27,inflacion_mensual
2026-05-31,2.1,27,inflacion_mensual
2026-04-30,2.6,27,inflacion_mensual
2026-03-31,3.4,27,inflacion_mensual
2026-02-28,2.9,27,inflacion_mensual
2026-01-31,2.9,27,inflacion_mensual
2025-12-31,2.8,27,inflacion_mensual
2025-11-30,2.5,27,inflacion_mensual
2025-10-31,2.3,27,inflacion_mensual
2025-09-30,2.1,27,inflacion_mensual
2025-08-31,1.9,27,inflacion_mensual
2025-07-31,1.9,27,inflacion_mensual
2025-06-30,1.6,27,inflacion_mensual
2025-05-31,1.5,27,inflacion_mensual
2025-04-30,2.8,27,inflacion_mensual
2025-03-31,3.7,27,inflacion_mensual
2025-02-28,2.4,27,inflacion_mensual
2025-01-31,2.2,27,inflacion_mensual
2024-12-31,2.7,27,inflacion_mensual
2024-11-30,2.4,27,inflacion_mensual
2024-10-31,2.7,27,inflacion_mensual
2024-09-30,3.5,27,inflacion_mensual
2024-08-31,4.2,27,inflacion_mensual
2024-07-31,4.0,27,inflacion_mensual
2024-06-30,4.6,27,inflacion_mensual
2024-05-31,4.2,27,inflacion_mensual
2024-04-30,8.8,27,inflacion_mensual
2024-03-31,11.0,27,inflacion_mensual
2024-02-29,13.2,27,inflacion_mensual
2024-01-31,20.6,27,inflacion_mensual
2023-12-31,25.5,27,inflacion_mensual
2023-11-30,12.8,27,inflacion_mensual
2023-10-31,8.3,27,inflacion_mensual
2023-09-30,12.7,27,inflacion_mensual
2023-08-31,12.4,27,inflacion_mensual
2023-07-31,6.3,27,inflacion_mensual
2023-06-30,6.0,27,inflacion_mensual
2023-05-31,7.8,27,inflacion_mensual
2023-04-30,8.4,27,inflacion_mensual
2023-03-31,7.7,27,inflacion_mensual
2023-02-28,6.6,27,inflacion_mensual
2023-01-31,6.0,27,inflacion_mensual
2022-12-31,5.1,27,inflacion_mensual
2022-11-30,4.9,27,inflacion_mensual
2022-10-31,6.3,27,inflacion_mensual
2022-09-30,6.2,27,inflacion_mensual
2022-08-31,7.0,27,inflacion_mensual
2022-07-31,7.4,27,inflacion_mensual
2022-06-30,5.3,27,inflacion_mensual
2022-05-31,5.1,27,inflacion_mensual
2022-04-30,6.0,27,inflacion_mensual
2022-03-31,6.7,27,inflacion_mensual
2022-02-28,4.7,27,inflacion_mensual
2022-01-31,3.9,27,inflacion_mensual
2021-12-31,3.8,27,inflacion_mensual
2021-11-30,2.5,27,inflacion_mensual
2021-10-31,3.5,27,inflacion_mensual
2021-09-30,3.5,27,inflacion_mensual
2021-08-31,2.5,27,inflacion_mensual
2021-07-31,3.0,27,inflacion_mensual
2021-06-30,3.2,27,inflacion_mensual
2021-05-31,3.3,27,inflacion_mensual
2021-04-30,4.1,27,inflacion_mensual
2021-03-31,4.8,27,inflacion_mensual
2021-02-28,3.6,27,inflacion_mensual
2021-01-31,4.0,27,inflacion_mensual
2020-12-31,4.0,27,inflacion_mensual
2020-11-30,3.2,27,inflacion_mensual
2020-10-31,3.8,27,inflacion_mensual
2020-09-30,2.8,27,inflacion_mensual
2020-08-31,2.7,27,inflacion_mensual
2020-07-31,1.9,27,inflacion_mensual
2020-06-30,2.2,27,inflacion_mensual
2020-05-31,1.5,27,inflacion_mensual
2020-04-30,1.5,27,inflacion_mensual
2020-03-31,3.3,27,inflacion_mensual
2020-02-29,2.0,27,inflacion_mensual
2020-01-31,2.3,27,inflacion_mensual
2026-08-06,92305294.0,109,m2
2026-08-05,91899596.0,109,m2
2026-08-04,90624814.0,109,m2
2026-08-03,92331015.0,109,m2
2026-07-31,94964439.0,109,m2
2026-07-30,93500315.0,109,m2
2026-07-29,91103702.0,109,m2
2026-07-28,90260428.0,109,m2
2026-07-27,89795371.0,109,m2
2026-07-24,88661979.0,109,m2
2026-07-23,89501150.0,109,m2
2026-07-22,88779252.0,109,m2
2026-07-21,89697695.0,109,m2
2026-07-20,89409202.0,109,m2
2026-07-17,88400739.0,109,m2
2026-07-16,91880942.0,109,m2
2026-07-15,90528003.0,109,m2
2026-07-14,89769580.0,109,m2
2026-07-13,87292461.0,109,m2
2026-07-08,90407017.0,109,m2
2026-07-07,90424469.0,109,m2
2026-07-06,91832075.0,109,m2
2026-07-03,92045767.0,109,m2
2026-07-02,92665051.0,109,m2
2026-07-01,93802006.0,109,m2
2026-06-30,94625754.0,109,m2
2026-06-29,92142778.0,109,m2
2026-06-26,89076476.0,109,m2
2026-06-25,89695712.0,109,m2
2026-06-24,87768900.0,109,m2
2026-06-23,87082266.0,109,m2
2026-06-22,87173535.0,109,m2
2026-06-19,88153092.0,109,m2
2026-06-18,86616769.0,109,m2
2026-06-17,85728014.0,109,m2
2026-06-16,84818645.0,109,m2
2026-06-12,84995730.0,109,m2
2026-06-11,85358194.0,109,m2
2026-06-10,84390273.0,109,m2
2026-06-09,83045312.0,109,m2
2026-06-08,84015908.0,109,m2
2026-06-05,85057276.0,109,m2
2026-06-04,86684013.0,109,m2
2026-06-03,85877012.0,109,m2
2026-06-02,86076612.0,109,m2
2026-06-01,86021137.0,109,m2
2026-05-29,87969157.0,109,m2
2026-05-28,87329006.0,109,m2
2026-05-27,85435916.0,109,m2
2026-05-26,84405770.0,109,m2
2026-05-22,83278382.0,109,m2
2026-05-21,83587499.0,109,m2
2026-05-20,82765406.0,109,m2
2026-05-19,82729075.0,109,m2
2026-05-18,82298625.0,109,m2
2026-05-15,82692004.0,109,m2
2026-05-14,83662620.0,109,m2
2026-05-13,81386697.0,109,m2
2026-05-12,80934587.0,109,m2
2026-05-11,79476366.0,109,m2
2026-05-08,80665272.0,109,m2
2026-05-07,82592867.0,109,m2
2026-05-06,81897910.0,109,m2
2026-05-05,82107040.0,109,m2
2026-05-04,82762661.0,109,m2
2026-04-30,84704309.0,109,m2
2026-04-29,83962814.0,109,m2
2026-04-28,81054624.0,109,m2
2026-04-27,80655350.0,109,m2
2026-04-24,79118094.0,109,m2
2026-04-23,79124799.0,109,m2
2026-04-22,78780639.0,109,m2
2026-04-21,78821015.0,109,m2
2026-04-20,78523498.0,109,m2
2026-04-17,78032186.0,109,m2
2026-04-16,79714846.0,109,m2
2026-04-15,80187635.0,109,m2
2026-04-14,80552914.0,109,m2
2026-04-13,81632018.0,109,m2
2026-04-10,80278799.0,109,m2
2026-04-09,79652833.0,109,m2
2026-04-08,81559222.0,109,m2
2026-04-07,81681435.0,109,m2
2026-04-06,82232822.0,109,m2
2026-04-01,82730472.0,109,m2
2026-03-31,84633524.0,109,m2
2026-03-30,85149173.0,109,m2
2026-03-27,81721913.0,109,m2
2026-03-26,81936804.0,109,m2
2026-03-25,81225760.0,109,m2
2026-03-20,80154554.0,109,m2
2026-03-19,79813972.0,109,m2
2026-03-18,79261203.0,109,m2
2026-03-17,79172256.0,109,m2
2026-03-16,79874384.0,109,m2
2026-03-13,80541141.0,109,m2
2026-03-12,81408317.0,109,m2
2026-03-11,81008005.0,109,m2
2026-03-10,80006708.0,109,m2
2026-03-09,79802569.0,109,m2
2026-03-06,81055764.0,109,m2
2026-03-05,82731669.0,109,m2
2026-03-04,82353074.0,109,m2
2026-03-03,82263404.0,109,m2
2026-03-02,83264472.0,109,m2
2026-02-27,84075295.0,109,m2
2026-02-26,83316107.0,109,m2
2026-02-25,82219941.0,109,m2
2026-02-24,81209010.0,109,m2
2026-02-23,81246957.0,109,m2
2026-02-20,79853002.0,109,m2
2026-02-19,79749708.0,109,m2
2026-02-18,78467661.0,109,m2
2026-02-13,77981651.0,109,m2
2026-02-12,81680006.0,109,m2
2026-02-11,80640738.0,109,m2
2026-02-10,78794128.0,109,m2
2026-02-09,78601643.0,109,m2
2026-02-06,79817766.0,109,m2
2026-02-05,81492713.0,109,m2
2026-02-04,80611982.0,109,m2
2026-02-03,80120596.0,109,m2
2026-02-02,80696053.0,109,m2
2026-01-30,82056876.0,109,m2
2026-01-29,82741905.0,109,m2
2026-01-28,81052913.0,109,m2
2026-01-27,80033437.0,109,m2
2026-01-26,79769401.0,109,m2
2026-01-23,78991353.0,109,m2
2026-01-22,78878017.0,109,m2
2026-01-21,78715246.0,109,m2
2026-01-20,78315784.0,109,m2
2026-01-19,77759891.0,109,m2
2026-01-16,78077350.0,109,m2
2026-01-15,79956127.0,109,m2
2026-01-14,80915057.0,109,m2
2026-01-13,80105104.0,109,m2
2026-01-12,79803397.0,109,m2
2026-01-09,79031425.0,109,m2
2026-01-08,81002217.0,109,m2
2026-01-07,81438059.0,109,m2
2026-01-06,86511244.0,109,m2
2026-01-05,90348130.0,109,m2
2026-01-02,92456132.0,109,m2
2025-12-30,94630422.0,109,m2
2025-12-29,94188337.0,109,m2
2025-12-26,85041356.0,109,m2
2025-12-23,84682349.0,109,m2
2025-12-22,84113747.0,109,m2
2025-12-19,84491623.0,109,m2
2025-12-18,84509134.0,109,m2
2025-12-17,83283401.0,109,m2
2025-12-16,82812115.0,109,m2
2025-12-15,84004423.0,109,m2
2025-12-12,82617471.0,109,m2
2025-12-11,81719654.0,109,m2
2025-12-10,80772417.0,109,m2
2025-12-09,80223151.0,109,m2
2025-12-05,81634640.0,109,m2
2025-12-04,85533283.0,109,m2
2025-12-03,84309039.0,109,m2
2025-12-02,84564689.0,109,m2
2025-12-01,84910384.0,109,m2
2025-11-28,84576422.0,109,m2
2025-11-27,82889409.0,109,m2
2025-11-26,80984040.0,109,m2
2025-11-25,78223646.0,109,m2
2025-11-20,76671772.0,109,m2
2025-11-19,75542211.0,109,m2
2025-11-18,74605477.0,109,m2
2025-11-17,74726949.0,109,m2
2025-11-14,74562605.0,109,m2
2025-11-13,75830516.0,109,m2
2025-11-12,75491771.0,109,m2
2025-11-11,75151215.0,109,m2
2025-11-10,75235809.0,109,m2
2025-11-07,75977489.0,109,m2
2025-11-05,76938339.0,109,m2
2025-11-04,75928813.0,109,m2
2025-11-03,74622091.0,109,m2
2025-10-31,77527954.0,109,m2
2025-10-30,76791631.0,109,m2
2025-10-29,75877353.0,109,m2
2025-10-28,75690267.0,109,m2
2025-10-27,75853680.0,109,m2
2025-10-24,75287404.0,109,m2
2025-10-23,76122613.0,109,m2
2025-10-22,76005889.0,109,m2
2025-10-21,75225824.0,109,m2
2025-10-20,76035027.0,109,m2
2025-10-17,73713510.0,109,m2
2025-10-16,74007973.0,109,m2
2025-10-15,74920039.0,109,m2
2025-10-14,75641857.0,109,m2
2025-10-13,77142787.0,109,m2
2025-10-09,76261661.0,109,m2
2025-10-08,77684958.0,109,m2
2025-10-07,78383163.0,109,m2
2025-10-06,78973017.0,109,m2
2025-10-03,77758768.0,109,m2
2025-10-02,78701570.0,109,m2
2025-10-01,79055143.0,109,m2
2025-09-30,79198461.0,109,m2
2025-09-29,79507009.0,109,m2
2025-09-26,76319285.0,109,m2
2025-09-25,75927349.0,109,m2
2025-09-24,74986323.0,109,m2
2025-09-23,74941169.0,109,m2
2025-09-22,74525300.0,109,m2
2025-09-19,73710013.0,109,m2
2025-09-18,73833723.0,109,m2
2025-09-17,72642954.0,109,m2
2025-09-16,72555106.0,109,m2
2025-09-15,73664287.0,109,m2
2025-09-12,73794952.0,109,m2
2025-09-11,74491929.0,109,m2
2025-09-10,74141188.0,109,m2
2025-09-09,73309824.0,109,m2
2025-09-08,74372425.0,109,m2
2025-09-05,74488416.0,109,m2
2025-09-04,76269105.0,109,m2
2025-09-03,75245449.0,109,m2
2025-09-02,75528982.0,109,m2
2025-09-01,76333831.0,109,m2
2025-08-29,78015406.0,109,m2
2025-08-28,77335373.0,109,m2
2025-08-27,75949976.0,109,m2
2025-08-26,76024199.0,109,m2
2025-08-25,76229345.0,109,m2
2025-08-22,75099511.0,109,m2
2025-08-21,75426540.0,109,m2
2025-08-20,74467876.0,109,m2
2025-08-19,75692253.0,109,m2
2025-08-18,76073814.0,109,m2
2025-08-14,75811239.0,109,m2
2025-08-13,75919643.0,109,m2
2025-08-12,75855153.0,109,m2
2025-08-11,75430296.0,109,m2
2025-08-08,75767148.0,109,m2
2025-08-07,77605294.0,109,m2
2025-08-06,78731206.0,109,m2
2025-08-05,78635015.0,109,m2
2025-08-04,78975655.0,109,m2
2025-08-01,80014109.0,109,m2
2025-07-31,80948295.0,109,m2
2025-07-30,79280333.0,109,m2
2025-07-29,77632102.0,109,m2
2025-07-28,77007673.0,109,m2
2025-07-25,76077104.0,109,m2
2025-07-24,75742969.0,109,m2
2025-07-23,75230812.0,109,m2
2025-07-22,74718262.0,109,m2
2025-07-21,75058088.0,109,m2
2025-07-18,75074032.0,109,m2
2025-07-17,75399662.0,109,m2
2025-07-16,75291346.0,109,m2
2025-07-15,76984504.0,109,m2
2025-07-14,77061947.0,109,m2
2025-07-11,76801099.0,109,m2
2025-07-10,76765061.0,109,m2
2025-07-08,77788966.0,109,m2
2025-07-07,77942490.0,109,m2
2025-07-04,79179660.0,109,m2
2025-07-03,79311451.0,109,m2
2025-07-02,79506851.0,109,m2
2025-07-01,80216908.0,109,m2
2025-06-30,81014845.0,109,m2
2025-06-27,76837898.0,109,m2
2025-06-26,76994943.0,109,m2
2025-06-25,75202470.0,109,m2
2025-06-24,74229812.0,109,m2
2025-06-23,74125144.0,109,m2
2025-06-19,72600252.0,109,m2
2025-06-18,72466187.0,109,m2
2025-06-17,71648225.0,109,m2
2025-06-13,71685512.0,109,m2
2025-06-12,72954448.0,109,m2
2025-06-11,72679106.0,109,m2
2025-06-10,71282979.0,109,m2
2025-06-09,71076775.0,109,m2
2025-06-06,72224773.0,109,m2
2025-06-05,73785498.0,109,m2
2025-06-04,73385977.0,109,m2
2025-06-03,73126996.0,109,m2
2025-06-02,73415787.0,109,m2
2025-05-30,75042482.0,109,m2
2025-05-29,74327029.0,109,m2
2025-05-28,73094538.0,109,m2
2025-05-27,71949548.0,109,m2
2025-05-26,71647603.0,109,m2
2025-05-23,70691029.0,109,m2
2025-05-22,71286330.0,109,m2
2025-05-21,71388690.0,109,m2
2025-05-20,70818235.0,109,m2
2025-05-19,70839795.0,109,m2
2025-05-16,70910992.0,109,m2
2025-05-15,70916513.0,109,m2
2025-05-14,71956089.0,109,m2
2025-05-13,71942308.0,109,m2
2025-05-12,72116069.0,109,m2
2025-05-09,72150317.0,109,m2
2025-05-08,72896232.0,109,m2
2025-05-07,73406367.0,109,m2
2025-05-06,73239017.0,109,m2
2025-05-05,73418906.0,109,m2
2025-04-30,74625973.0,109,m2
2025-04-29,73818415.0,109,m2
2025-04-28,72780778.0,109,m2
2025-04-25,70297794.0,109,m2
2025-04-24,70491932.0,109,m2
2025-04-23,70152894.0,109,m2
2025-04-22,70507980.0,109,m2
2025-04-21,69387328.0,109,m2
2025-04-16,69295354.0,109,m2
2025-04-15,70938607.0,109,m2
2025-04-14,69930890.0,109,m2
2025-04-11,68126619.0,109,m2
2025-04-10,67737087.0,109,m2
2025-04-09,66595291.0,109,m2
2025-04-08,66708099.0,109,m2
2025-04-07,67418226.0,109,m2
2025-04-04,67030682.0,109,m2
2025-04-03,67355999.0,109,m2
2025-04-01,68816381.0,109,m2
2025-03-31,69670839.0,109,m2
2025-03-28,67366868.0,109,m2
2025-03-27,66111217.0,109,m2
2025-03-26,65811940.0,109,m2
2025-03-25,64612539.0,109,m2
2025-03-21,64794449.0,109,m2
2025-03-20,64847473.0,109,m2
2025-03-19,64921816.0,109,m2
2025-03-18,64022358.0,109,m2
2025-03-17,63883070.0,109,m2
2025-03-14,64794700.0,109,m2
2025-03-13,65349842.0,109,m2
2025-03-12,64480230.0,109,m2
2025-03-11,63394742.0,109,m2
2025-03-10,62891961.0,109,m2
2025-03-07,64598240.0,109,m2
2025-03-06,65253333.0,109,m2
2025-03-05,64886745.0,109,m2
2025-02-28,65405151.0,109,m2
2025-02-27,64957419.0,109,m2
2025-02-26,63379666.0,109,m2
2025-02-25,62368858.0,109,m2
2025-02-24,61934269.0,109,m2
2025-02-21,61677213.0,109,m2
2025-02-20,62149713.0,109,m2
2025-02-19,61904478.0,109,m2
2025-02-18,61111141.0,109,m2
2025-02-17,60618386.0,109,m2
2025-02-14,61284517.0,109,m2
2025-02-13,61581017.0,109,m2
2025-02-12,63636679.0,109,m2
2025-02-11,62927870.0,109,m2
2025-02-10,61250480.0,109,m2
2025-02-07,63234469.0,109,m2
2025-02-06,65268850.0,109,m2
2025-02-05,65337556.0,109,m2
2025-02-04,65799332.0,109,m2
2025-02-03,66718524.0,109,m2
2025-01-31,67420660.0,109,m2
2025-01-30,66465308.0,109,m2
2025-01-29,66076785.0,109,m2
2025-01-28,64873890.0,109,m2
2025-01-27,64658947.0,109,m2
2025-01-24,63218764.0,109,m2
2025-01-23,63276877.0,109,m2
2025-01-22,62911430.0,109,m2
2025-01-21,63177305.0,109,m2
2025-01-20,63331412.0,109,m2
2025-01-17,63056368.0,109,m2
2025-01-16,63759228.0,109,m2
2025-01-15,64460153.0,109,m2
2025-01-14,64783923.0,109,m2
2025-01-13,64218232.0,109,m2
2025-01-10,63955545.0,109,m2
2025-01-09,63564072.0,109,m2
2025-01-08,64293756.0,109,m2
2025-01-07,64786938.0,109,m2
2025-01-06,64795946.0,109,m2
2025-01-03,65840161.0,109,m2
2025-01-02,70471842.0,109,m2
2024-12-30,71432723.0,109,m2
2024-12-27,68307659.0,109,m2
2024-12-26,67220845.0,109,m2
2024-12-23,66120578.0,109,m2
2024-12-20,65128976.0,109,m2
2024-12-19,65087464.0,109,m2
2024-12-18,63935381.0,109,m2
2024-12-17,62738328.0,109,m2
2024-12-16,62410351.0,109,m2
2024-12-13,62283767.0,109,m2
2024-12-12,61256342.0,109,m2
2024-12-11,60488559.0,109,m2
2024-12-10,60009599.0,109,m2
2024-12-09,59523696.0,109,m2
2024-12-06,59786163.0,109,m2
2024-12-05,60954077.0,109,m2
2024-12-04,60765177.0,109,m2
2024-12-03,60134498.0,109,m2
2024-12-02,60496945.0,109,m2
2024-11-29,61742077.0,109,m2
2024-11-28,60320292.0,109,m2
2024-11-27,58918247.0,109,m2
2024-11-26,57565398.0,109,m2
2024-11-25,57457632.0,109,m2
2024-11-22,57111602.0,109,m2
2024-11-21,56843562.0,109,m2
2024-11-20,56289190.0,109,m2
2024-11-19,55827614.0,109,m2
2024-11-15,56391428.0,109,m2
2024-11-14,56851442.0,109,m2
2024-11-13,56462753.0,109,m2
2024-11-12,56022424.0,109,m2
2024-11-11,56004882.0,109,m2
2024-11-08,56235391.0,109,m2
2024-11-07,56925607.0,109,m2
2024-11-05,57563434.0,109,m2
2024-11-04,56971839.0,109,m2
2024-11-01,58191951.0,109,m2
2024-10-31,58743216.0,109,m2
2024-10-30,57661285.0,109,m2
2024-10-29,56461137.0,109,m2
2024-10-28,55686021.0,109,m2
2024-10-25,54415176.0,109,m2
2024-10-24,54605843.0,109,m2
2024-10-23,54471366.0,109,m2
2024-10-22,54036968.0,109,m2
2024-10-21,53929282.0,109,m2
2024-10-18,53850318.0,109,m2
2024-10-17,54047454.0,109,m2
2024-10-16,54347421.0,109,m2
2024-10-15,54662182.0,109,m2
2024-10-14,54689249.0,109,m2
2024-10-10,54227508.0,109,m2
2024-10-09,54246381.0,109,m2
2024-10-08,54696719.0,109,m2
2024-10-07,54680099.0,109,m2
2024-10-04,55627471.0,109,m2
2024-10-03,55797495.0,109,m2
2024-10-02,56014424.0,109,m2
2024-10-01,55913675.0,109,m2
2024-09-30,57012577.0,109,m2
2024-09-27,55510704.0,109,m2
2024-09-26,54136656.0,109,m2
2024-09-25,53194363.0,109,m2
2024-09-24,52278484.0,109,m2
2024-09-23,52458832.0,109,m2
2024-09-20,51766773.0,109,m2
2024-09-19,52155898.0,109,m2
2024-09-18,52003479.0,109,m2
2024-09-17,51073267.0,109,m2
2024-09-16,51186540.0,109,m2
2024-09-13,51695167.0,109,m2
2024-09-12,53038423.0,109,m2
2024-09-11,52814139.0,109,m2
2024-09-10,52131423.0,109,m2
2024-09-09,51778047.0,109,m2
2024-09-06,53016475.0,109,m2
2024-09-05,55078928.0,109,m2
2024-09-04,54445640.0,109,m2
2024-09-03,53769903.0,109,m2
2024-09-02,54105846.0,109,m2
2024-08-30,54468705.0,109,m2
2024-08-29,54309992.0,109,m2
2024-08-28,53742419.0,109,m2
2024-08-27,51722731.0,109,m2
2024-08-26,51825176.0,109,m2
2024-08-23,51501852.0,109,m2
2024-08-22,51642612.0,109,m2
2024-08-21,51643079.0,109,m2
2024-08-20,51073012.0,109,m2
2024-08-19,50873518.0,109,m2
2024-08-16,50825014.0,109,m2
2024-08-15,51969591.0,109,m2
2024-08-14,52376011.0,109,m2
2024-08-13,51324212.0,109,m2
2024-08-12,51212946.0,109,m2
2024-08-09,51305547.0,109,m2
2024-08-08,51831877.0,109,m2
2024-08-07,52208923.0,109,m2
2024-08-06,52146229.0,109,m2
2024-08-05,51571023.0,109,m2
2024-08-02,52093031.0,109,m2
2024-08-01,52177866.0,109,m2
2024-07-31,52767940.0,109,m2
2024-07-30,52680854.0,109,m2
2024-07-29,52668418.0,109,m2
2024-07-26,51304861.0,109,m2
2024-07-25,52008266.0,109,m2
2024-07-24,51071632.0,109,m2
2024-07-23,50654427.0,109,m2
2024-07-22,50265976.0,109,m2
2024-07-19,50448160.0,109,m2
2024-07-18,50450034.0,109,m2
2024-07-17,50425547.0,109,m2
2024-07-16,50913017.0,109,m2
2024-07-15,53338108.0,109,m2
2024-07-12,51140362.0,109,m2
2024-07-11,50235213.0,109,m2
2024-07-10,49147716.0,109,m2
2024-07-08,49806711.0,109,m2
2024-07-05,50298536.0,109,m2
2024-07-04,51177105.0,109,m2
2024-07-03,50389620.0,109,m2
2024-07-02,50162238.0,109,m2
2024-07-01,50778589.0,109,m2
2024-06-28,51227974.0,109,m2
2024-06-27,49487771.0,109,m2
2024-06-26,47991487.0,109,m2
2024-06-25,47076330.0,109,m2
2024-06-24,46337912.0,109,m2
2024-06-19,45830744.0,109,m2
2024-06-18,46010538.0,109,m2
2024-06-14,46165515.0,109,m2
2024-06-13,47664537.0,109,m2
2024-06-12,46590623.0,109,m2
2024-06-11,46921293.0,109,m2
2024-06-10,45863589.0,109,m2
2024-06-07,46616326.0,109,m2
2024-06-06,47014099.0,109,m2
2024-06-05,46542887.0,109,m2
2024-06-04,45926470.0,109,m2
2024-06-03,45926034.0,109,m2
2024-05-31,45501598.0,109,m2
2024-05-30,45593430.0,109,m2
2024-05-29,44422933.0,109,m2
2024-05-28,43701766.0,109,m2
2024-05-27,43253181.0,109,m2
2024-05-24,42273065.0,109,m2
2024-05-23,44144929.0,109,m2
2024-05-22,44218482.0,109,m2
2024-05-21,41745057.0,109,m2
2024-05-20,42161691.0,109,m2
2024-05-17,42232051.0,109,m2
2024-05-16,42414474.0,109,m2
2024-05-15,42128887.0,109,m2
2024-05-14,40557570.0,109,m2
2024-05-13,39864146.0,109,m2
2024-05-10,40191827.0,109,m2
2024-05-09,40474079.0,109,m2
2024-05-08,39748156.0,109,m2
2024-05-07,40182992.0,109,m2
2024-05-06,40026522.0,109,m2
2024-05-03,40141431.0,109,m2
2024-05-02,38725938.0,109,m2
2024-04-30,39535344.0,109,m2
2024-04-29,38800464.0,109,m2
2024-04-26,37583094.0,109,m2
2024-04-25,37129503.0,109,m2
2024-04-24,36215786.0,109,m2
2024-04-23,35772700.0,109,m2
2024-04-22,35729472.0,109,m2
2024-04-19,35420617.0,109,m2
2024-04-18,35634322.0,109,m2
2024-04-17,35352211.0,109,m2
2024-04-16,35444180.0,109,m2
2024-04-15,36155060.0,109,m2
2024-04-12,36898863.0,109,m2
2024-04-11,36937228.0,109,m2
2024-04-10,36496121.0,109,m2
2024-04-09,36278433.0,109,m2
2024-04-08,37122883.0,109,m2
2024-04-05,37567291.0,109,m2
2024-04-04,38080205.0,109,m2
2024-04-03,38011279.0,109,m2
2024-03-27,37609336.0,109,m2
2024-03-26,37219109.0,109,m2
2024-03-25,36270030.0,109,m2
2024-03-22,35094437.0,109,m2
2024-03-21,34925303.0,109,m2
2024-03-20,35519060.0,109,m2
2024-03-19,35099352.0,109,m2
2024-03-18,35241683.0,109,m2
2024-03-15,35356827.0,109,m2
2024-03-14,35354716.0,109,m2
2024-03-13,35648686.0,109,m2
2024-03-12,35875911.0,109,m2
2024-03-11,35064611.0,109,m2
2024-03-08,35516026.0,109,m2
2024-03-07,36308841.0,109,m2
2024-03-06,37108071.0,109,m2
2024-03-05,36759545.0,109,m2
2024-03-04,36504556.0,109,m2
2024-03-01,36438308.0,109,m2
2024-02-29,37060554.0,109,m2
2024-02-28,37016673.0,109,m2
2024-02-27,36090309.0,109,m2
2024-02-26,35412653.0,109,m2
2024-02-23,34209018.0,109,m2
2024-02-22,34232151.0,109,m2
2024-02-21,34851286.0,109,m2
2024-02-20,35540867.0,109,m2
2024-02-19,34537690.0,109,m2
2024-02-16,33920094.0,109,m2
2024-02-15,34106582.0,109,m2
2024-02-14,33635402.0,109,m2
2024-02-09,33836065.0,109,m2
2024-02-08,33808999.0,109,m2
2024-02-07,34002332.0,109,m2
2024-02-06,34915419.0,109,m2
2024-02-05,34374869.0,109,m2
2024-02-02,34753182.0,109,m2
2024-02-01,35106542.0,109,m2
2024-01-31,36923296.0,109,m2
2024-01-30,36768855.0,109,m2
2024-01-29,36086246.0,109,m2
2024-01-26,35065266.0,109,m2
2024-01-25,34904466.0,109,m2
2024-01-24,34924586.0,109,m2
2024-01-23,34745477.0,109,m2
2024-01-22,34536640.0,109,m2
2024-01-19,34511973.0,109,m2
2024-01-18,34711053.0,109,m2
2024-01-17,36017885.0,109,m2
2024-01-16,35963181.0,109,m2
2024-01-15,35727390.0,109,m2
2024-01-12,35448519.0,109,m2
2024-01-11,34661132.0,109,m2
2024-01-10,34620650.0,109,m2
2024-01-09,34156909.0,109,m2
2024-01-08,34289796.0,109,m2
2024-01-05,34902909.0,109,m2
2024-01-04,34884980.0,109,m2
2024-01-03,34761450.0,109,m2
2024-01-02,35033381.0,109,m2
2023-12-29,35390205.0,109,m2
2023-12-28,34762194.0,109,m2
2023-12-27,33382124.0,109,m2
2023-12-26,32936914.0,109,m2
2023-12-22,32266930.0,109,m2
2023-12-21,31459756.0,109,m2
2023-12-20,30593317.0,109,m2
2023-12-19,30098552.0,109,m2
2023-12-18,29462677.0,109,m2
2023-12-15,28738236.0,109,m2
2023-12-14,28638362.0,109,m2
2023-12-13,27588905.0,109,m2
2023-12-12,24651720.0,109,m2
2023-12-11,24387433.0,109,m2
2023-12-07,24494262.0,109,m2
2023-12-06,24717824.0,109,m2
2023-12-05,24416947.0,109,m2
2023-12-04,24081239.0,109,m2
2023-12-01,23681889.0,109,m2
2023-11-30,23798533.0,109,m2
2023-11-29,23601155.0,109,m2
2023-11-28,23835380.0,109,m2
2023-11-27,24109535.0,109,m2
2023-11-24,24522747.0,109,m2
2023-11-23,25056150.0,109,m2
2023-11-22,25152132.0,109,m2
2023-11-21,24798404.0,109,m2
2023-11-17,24816767.0,109,m2
2023-11-16,24713881.0,109,m2
2023-11-15,24304670.0,109,m2
2023-11-14,24271998.0,109,m2
2023-11-13,23999913.0,109,m2
2023-11-10,23939235.0,109,m2
2023-11-09,23857816.0,109,m2
2023-11-08,24100732.0,109,m2
2023-11-07,23856467.0,109,m2
2023-11-03,24382755.0,109,m2
2023-11-02,24244632.0,109,m2
2023-11-01,24417941.0,109,m2
2023-10-31,24689883.0,109,m2
2023-10-30,24599125.0,109,m2
2023-10-27,24103082.0,109,m2
2023-10-26,24029724.0,109,m2
2023-10-25,23929615.0,109,m2
2023-10-24,23839551.0,109,m2
2023-10-23,23986359.0,109,m2
2023-10-20,23474318.0,109,m2
2023-10-19,23352549.0,109,m2
2023-10-18,23284333.0,109,m2
2023-10-17,22914910.0,109,m2
2023-10-12,22949630.0,109,m2
2023-10-11,22548022.0,109,m2
2023-10-10,22075831.0,109,m2
2023-10-09,21970171.0,109,m2
2023-10-06,22330690.0,109,m2
2023-10-05,22500511.0,109,m2
2023-10-04,21983902.0,109,m2
2023-10-03,21917085.0,109,m2
2023-10-02,22150422.0,109,m2
2023-09-29,21864602.0,109,m2
2023-09-28,21397587.0,109,m2
2023-09-27,20907517.0,109,m2
2023-09-26,20444608.0,109,m2
2023-09-25,20393587.0,109,m2
2023-09-22,20135181.0,109,m2
2023-09-21,20067465.0,109,m2
2023-09-20,19848551.0,109,m2
2023-09-19,19657119.0,109,m2
2023-09-18,19811897.0,109,m2
2023-09-15,19691151.0,109,m2
2023-09-14,19708793.0,109,m2
2023-09-13,19737408.0,109,m2
2023-09-12,19713363.0,109,m2
2023-09-11,19418290.0,109,m2
2023-09-08,19471611.0,109,m2
2023-09-07,19635243.0,109,m2
2023-09-06,19606179.0,109,m2
2023-09-05,19388474.0,109,m2
2023-09-04,19540035.0,109,m2
2023-09-01,19590636.0,109,m2
2023-08-31,19805469.0,109,m2
2023-08-30,19270467.0,109,m2
2023-08-29,18888595.0,109,m2
2023-08-28,18742312.0,109,m2
2023-08-25,18624866.0,109,m2
2023-08-24,18732991.0,109,m2
2023-08-23,18676698.0,109,m2
2023-08-22,18644866.0,109,m2
2023-08-18,18534455.0,109,m2
2023-08-17,18660441.0,109,m2
2023-08-16,18672729.0,109,m2
2023-08-15,18798763.0,109,m2
2023-08-14,19287036.0,109,m2
2023-08-11,18405100.0,109,m2
2023-08-10,18235641.0,109,m2
2023-08-09,18210481.0,109,m2
2023-08-08,18195245.0,109,m2
2023-08-07,18276605.0,109,m2
2023-08-04,18417054.0,109,m2
2023-08-03,18305938.0,109,m2
2023-08-02,18278012.0,109,m2
2023-08-01,18031889.0,109,m2
2023-07-31,18154402.0,109,m2
2023-07-28,17787593.0,109,m2
2023-07-27,17289886.0,109,m2
2023-07-26,17020561.0,109,m2
2023-07-25,16954834.0,109,m2
2023-07-24,16912880.0,109,m2
2023-07-21,16828464.0,109,m2
2023-07-20,16781466.0,109,m2
2023-07-19,16831794.0,109,m2
2023-07-18,16747358.0,109,m2
2023-07-17,16802839.0,109,m2
2023-07-14,16751834.0,109,m2
2023-07-13,16820062.0,109,m2
2023-07-12,16655155.0,109,m2
2023-07-11,16706846.0,109,m2
2023-07-10,16452829.0,109,m2
2023-07-07,16879015.0,109,m2
2023-07-06,16994942.0,109,m2
2023-07-05,16907403.0,109,m2
2023-07-04,16755778.0,109,m2
2023-07-03,16958108.0,109,m2
2023-06-30,17075301.0,109,m2
2023-06-29,16540630.0,109,m2
2023-06-28,16298830.0,109,m2
2023-06-27,15904522.0,109,m2
2023-06-26,15872183.0,109,m2
2023-06-23,15935358.0,109,m2
2023-06-22,15663707.0,109,m2
2023-06-21,15390338.0,109,m2
2023-06-16,15386991.0,109,m2
2023-06-15,15674813.0,109,m2
2023-06-14,15891886.0,109,m2
2023-06-13,15649503.0,109,m2
2023-06-12,15374613.0,109,m2
2023-06-09,15399449.0,109,m2
2023-06-08,15603929.0,109,m2
2023-06-07,15629526.0,109,m2
2023-06-06,15720512.0,109,m2
2023-06-05,15746568.0,109,m2
2023-06-02,15829995.0,109,m2
2023-06-01,15924186.0,109,m2
2023-05-31,15518729.0,109,m2
2023-05-30,15242473.0,109,m2
2023-05-29,15006892.0,109,m2
2023-05-24,14631995.0,109,m2
2023-05-23,14610617.0,109,m2
2023-05-22,14643106.0,109,m2
2023-05-19,14550917.0,109,m2
2023-05-18,14688329.0,109,m2
2023-05-17,14594261.0,109,m2
2023-05-16,14383143.0,109,m2
2023-05-15,14744000.0,109,m2
2023-05-12,14646527.0,109,m2
2023-05-11,14208896.0,109,m2
2023-05-10,14286635.0,109,m2
2023-05-09,14045486.0,109,m2
2023-05-08,14137754.0,109,m2
2023-05-05,14480062.0,109,m2
2023-05-04,14448526.0,109,m2
2023-05-03,14630607.0,109,m2
2023-05-02,14706344.0,109,m2
2023-04-28,14566351.0,109,m2
2023-04-27,14441973.0,109,m2
2023-04-26,14169665.0,109,m2
2023-04-25,13676061.0,109,m2
2023-04-24,13507072.0,109,m2
2023-04-21,13588777.0,109,m2
2023-04-20,13921272.0,109,m2
2023-04-19,13852775.0,109,m2
2023-04-18,13284690.0,109,m2
2023-04-17,13400649.0,109,m2
2023-04-14,13390492.0,109,m2
2023-04-13,13428809.0,109,m2
2023-04-12,13322593.0,109,m2
2023-04-11,13119809.0,109,m2
2023-04-10,12993722.0,109,m2
2023-04-05,13351599.0,109,m2
2023-04-04,13272359.0,109,m2
2023-04-03,13350153.0,109,m2
2023-03-31,13435273.0,109,m2
2023-03-30,13311822.0,109,m2
2023-03-29,13132951.0,109,m2
2023-03-28,12968948.0,109,m2
2023-03-27,13023414.0,109,m2
2023-03-23,12790707.0,109,m2
2023-03-22,12874392.0,109,m2
2023-03-21,12735055.0,109,m2
2023-03-20,12807973.0,109,m2
2023-03-17,12935117.0,109,m2
2023-03-16,13178077.0,109,m2
2023-03-15,13211231.0,109,m2
2023-03-14,13304771.0,109,m2
2023-03-13,13266025.0,109,m2
2023-03-10,13213046.0,109,m2
2023-03-09,13276458.0,109,m2
2023-03-08,13407598.0,109,m2
2023-03-07,13415685.0,109,m2
2023-03-06,13634840.0,109,m2
2023-03-03,13520840.0,109,m2
2023-03-02,13597513.0,109,m2
2023-03-01,13558162.0,109,m2
2023-02-28,13548125.0,109,m2
2023-02-27,13486883.0,109,m2
2023-02-24,13230844.0,109,m2
2023-02-23,13182117.4,109,m2
2023-02-22,13023854.0,109,m2
2023-02-17,12739567.0,109,m2
2023-02-16,12858508.0,109,m2
2023-02-15,12892471.0,109,m2
2023-02-14,12887590.0,109,m2
2023-02-13,12813687.0,109,m2
2023-02-10,12659007.0,109,m2
2023-02-09,12552602.0,109,m2
2023-02-08,12652322.0,109,m2
2023-02-07,12619962.0,109,m2
2023-02-06,12761371.0,109,m2
2023-02-03,12681055.0,109,m2
2023-02-02,12801432.0,109,m2
2023-02-01,12804829.0,109,m2
2023-01-31,12771212.0,109,m2
2023-01-30,12857438.0,109,m2
2023-01-27,12566031.0,109,m2
2023-01-26,12268067.0,109,m2
2023-01-25,12132654.0,109,m2
2023-01-24,11954111.0,109,m2
2023-01-23,12377638.0,109,m2
2023-01-20,12215556.0,109,m2
2023-01-19,12297880.0,109,m2
2023-01-18,12289354.0,109,m2
2023-01-17,12155990.0,109,m2
2023-01-16,12275503.0,109,m2
2023-01-13,12419200.0,109,m2
2023-01-12,12447072.0,109,m2
2023-01-11,12319850.0,109,m2
2023-01-10,12202067.0,109,m2
2023-01-09,12155336.0,109,m2
2023-01-06,12445084.0,109,m2
2023-01-05,12636832.0,109,m2
2023-01-04,12670683.0,109,m2
2023-01-03,12720840.0,109,m2
2023-01-02,12877548.0,109,m2
2022-12-30,13081865.0,109,m2
2022-12-29,13075837.0,109,m2
2022-12-28,12840316.0,109,m2
2022-12-27,12612339.0,109,m2
2022-12-26,12576820.0,109,m2
2022-12-23,12421650.0,109,m2
2022-12-22,12272681.0,109,m2
2022-12-21,12150238.0,109,m2
2022-12-20,12161662.0,109,m2
2022-12-19,11861821.0,109,m2
2022-12-16,11807289.0,109,m2
2022-12-15,11649408.0,109,m2
2022-12-14,11426692.0,109,m2
2022-12-13,11347167.0,109,m2
2022-12-12,11247663.0,109,m2
2022-12-07,11370440.0,109,m2
2022-12-06,11200352.0,109,m2
2022-12-05,11163327.0,109,m2
2022-12-02,11166250.0,109,m2
2022-12-01,11159175.0,109,m2
2022-11-30,11118879.0,109,m2
2022-11-29,10915997.0,109,m2
2022-11-28,10893498.0,109,m2
2022-11-25,10580635.0,109,m2
2022-11-24,10525052.0,109,m2
2022-11-23,10559828.0,109,m2
2022-11-22,10374277.0,109,m2
2022-11-18,10356023.0,109,m2
2022-11-17,10312526.0,109,m2
2022-11-16,10256698.0,109,m2
2022-11-15,10252904.0,109,m2
2022-11-14,10326074.0,109,m2
2022-11-11,10258818.0,109,m2
2022-11-10,10153287.2,109,m2
2022-11-09,9981410.0,109,m2
2022-11-08,10126443.0,109,m2
2022-11-07,10157149.0,109,m2
2022-11-04,10358463.0,109,m2
2022-11-03,10256825.0,109,m2
2022-11-02,10410456.0,109,m2
2022-11-01,10430513.0,109,m2
2022-10-31,10547344.0,109,m2
2022-10-28,10399078.0,109,m2
2022-10-27,10393538.0,109,m2
2022-10-26,10229639.0,109,m2
2022-10-25,10159787.0,109,m2
2022-10-24,10106475.0,109,m2
2022-10-21,10101289.2,109,m2
2022-10-20,10192597.0,109,m2
2022-10-19,10176457.0,109,m2
2022-10-18,9992946.0,109,m2
2022-10-17,10006226.0,109,m2
2022-10-14,10068331.0,109,m2
2022-10-13,10028571.0,109,m2
2022-10-12,10061663.0,109,m2
2022-10-11,9898863.0,109,m2
2022-10-06,10102046.0,109,m2
2022-10-05,10203273.0,109,m2
2022-10-04,10165940.0,109,m2
2022-10-03,10285389.0,109,m2
2022-09-30,10323756.0,109,m2
2022-09-29,10225183.0,109,m2
2022-09-28,10094348.0,109,m2
2022-09-27,9905874.0,109,m2
2022-09-26,9878679.0,109,m2
2022-09-23,9739252.0,109,m2
2022-09-22,9753531.0,109,m2
2022-09-21,9738832.0,109,m2
2022-09-20,9662052.0,109,m2
2022-09-19,9588393.0,109,m2
2022-09-16,9653736.0,109,m2
2022-09-15,9878274.0,109,m2
2022-09-14,9747774.0,109,m2
2022-09-13,9647399.0,109,m2
2022-09-12,9610511.0,109,m2
2022-09-09,9587130.0,109,m2
2022-09-08,9663320.0,109,m2
2022-09-07,9522308.0,109,m2
2022-09-06,9539837.0,109,m2
2022-09-05,9560590.0,109,m2
2022-09-01,9440312.0,109,m2
2022-08-31,9413906.0,109,m2
2022-08-30,9440892.0,109,m2
2022-08-29,9300839.0,109,m2
2022-08-26,9194705.0,109,m2
2022-08-25,9220219.0,109,m2
2022-08-24,9184069.0,109,m2
2022-08-23,9202067.0,109,m2
2022-08-22,9266954.0,109,m2
2022-08-19,9208394.0,109,m2
2022-08-18,9123181.0,109,m2
2022-08-17,9135087.0,109,m2
2022-08-16,9089382.0,109,m2
2022-08-12,9264342.0,109,m2
2022-08-11,9274344.0,109,m2
2022-08-10,9183197.0,109,m2
2022-08-09,9128662.0,109,m2
2022-08-08,9196899.0,109,m2
2022-08-05,9225598.0,109,m2
2022-08-04,9303032.0,109,m2
2022-08-03,9357926.0,109,m2
2022-08-02,9315650.0,109,m2
2022-08-01,9378365.0,109,m2
2022-07-29,9380335.0,109,m2
2022-07-28,9400471.0,109,m2
2022-07-27,9280183.0,109,m2
2022-07-26,9233646.0,109,m2
2022-07-25,9232575.0,109,m2
2022-07-22,9146587.0,109,m2
2022-07-21,9142124.0,109,m2
2022-07-20,9063639.0,109,m2
2022-07-19,8967370.0,109,m2
2022-07-18,8979010.0,109,m2
2022-07-15,9136927.0,109,m2
2022-07-14,9238417.0,109,m2
2022-07-13,9184817.0,109,m2
2022-07-12,9124270.0,109,m2
2022-07-11,9052562.0,109,m2
2022-07-08,9161592.0,109,m2
2022-07-07,9239977.0,109,m2
2022-07-06,9292045.0,109,m2
2022-07-05,9122196.0,109,m2
2022-07-04,9121800.0,109,m2
2022-07-01,9159699.0,109,m2
2022-06-30,9205225.0,109,m2
2022-06-29,9173146.0,109,m2
2022-06-28,8952175.0,109,m2
2022-06-27,8819524.0,109,m2
2022-06-24,8702759.0,109,m2
2022-06-23,8608236.0,109,m2
2022-06-22,8607635.0,109,m2
2022-06-21,8400901.0,109,m2
2022-06-16,8483429.0,109,m2
2022-06-15,8521979.0,109,m2
2022-06-14,8503777.0,109,m2
2022-06-13,8315769.0,109,m2
2022-06-10,8176600.0,109,m2
2022-06-09,8053597.0,109,m2
2022-06-08,8102803.0,109,m2
2022-06-07,8079937.0,109,m2
2022-06-06,8119343.0,109,m2
2022-06-03,8063713.0,109,m2
2022-06-02,8084398.0,109,m2
2022-06-01,8173758.0,109,m2
2022-05-31,8163439.0,109,m2
2022-05-30,8237188.0,109,m2
2022-05-27,8099260.0,109,m2
2022-05-26,7945860.0,109,m2
2022-05-24,7896664.0,109,m2
2022-05-23,7884074.0,109,m2
2022-05-20,7934512.0,109,m2
2022-05-19,7935904.0,109,m2
2022-05-17,7792667.0,109,m2
2022-05-16,7770819.0,109,m2
2022-05-13,7853242.0,109,m2
2022-05-12,7861153.0,109,m2
2022-05-11,7750538.0,109,m2
2022-05-10,7672003.0,109,m2
2022-05-09,7672566.0,109,m2
2022-05-06,7771125.0,109,m2
2022-05-05,7778392.0,109,m2
2022-05-04,7779407.0,109,m2
2022-05-03,7792997.0,109,m2
2022-05-02,7812531.0,109,m2
2022-04-29,7777368.0,109,m2
2022-04-28,7758391.0,109,m2
2022-04-27,7681318.0,109,m2
2022-04-26,7535436.0,109,m2
2022-04-25,7583620.0,109,m2
2022-04-22,7526656.0,109,m2
2022-04-21,7573072.0,109,m2
2022-04-20,7565078.0,109,m2
2022-04-19,7412348.0,109,m2
2022-04-18,7418517.0,109,m2
2022-04-13,7406186.0,109,m2
2022-04-12,7375552.0,109,m2
2022-04-11,7288730.0,109,m2
2022-04-08,7410374.0,109,m2
2022-04-07,7481948.0,109,m2
2022-04-06,7469486.0,109,m2
2022-04-05,7416590.0,109,m2
2022-04-04,7431919.0,109,m2
2022-04-01,7390119.0,109,m2
2022-03-31,7430984.0,109,m2
2022-03-30,7486396.0,109,m2
2022-03-29,7409275.0,109,m2
2022-03-28,7366177.0,109,m2
2022-03-25,7319934.0,109,m2
2022-03-23,7308723.0,109,m2
2022-03-22,7319684.0,109,m2
2022-03-21,7357287.0,109,m2
2022-03-18,7336967.0,109,m2
2022-03-17,7374993.0,109,m2
2022-03-16,7360668.0,109,m2
2022-03-15,7386675.0,109,m2
2022-03-14,7422415.0,109,m2
2022-03-11,7406287.0,109,m2
2022-03-10,7288055.0,109,m2
2022-03-09,7324884.0,109,m2
2022-03-08,7379836.0,109,m2
2022-03-07,7387128.0,109,m2
2022-03-04,7442252.0,109,m2
2022-03-03,7461212.0,109,m2
2022-03-02,7514074.0,109,m2
2022-02-25,7518148.0,109,m2
2022-02-24,7409448.0,109,m2
2022-02-23,7353406.0,109,m2
2022-02-22,7303769.0,109,m2
2022-02-21,7319714.0,109,m2
2022-02-18,7329827.0,109,m2
2022-02-17,7340423.0,109,m2
2022-02-16,7344613.0,109,m2
2022-02-15,7368444.0,109,m2
2022-02-14,7316730.0,109,m2
2022-02-11,7280699.0,109,m2
2022-02-10,7258320.0,109,m2
2022-02-09,7229495.0,109,m2
2022-02-08,7265242.0,109,m2
2022-02-07,7263093.0,109,m2
2022-02-04,7345268.0,109,m2
2022-02-03,7359653.0,109,m2
2022-02-02,7441481.0,109,m2
2022-02-01,7425251.0,109,m2
2022-01-31,7489231.0,109,m2
2022-01-28,7489764.0,109,m2
2022-01-27,7477793.0,109,m2
2022-01-26,7450370.0,109,m2
2022-01-25,7408320.0,109,m2
2022-01-24,7417088.0,109,m2
2022-01-21,7436851.4,109,m2
2022-01-20,7457477.0,109,m2
2022-01-19,7464974.0,109,m2
2022-01-18,7411981.0,109,m2
2022-01-17,7426076.0,109,m2
2022-01-14,7511439.0,109,m2
2022-01-13,7542547.0,109,m2
2022-01-12,7506965.0,109,m2
2022-01-11,7466343.0,109,m2
2022-01-10,7405326.0,109,m2
2022-01-07,7559257.0,109,m2
2022-01-06,7658723.0,109,m2
2022-01-05,7661925.0,109,m2
2022-01-04,7725560.0,109,m2
2022-01-03,7794481.3,109,m2
2021-12-30,7809297.0,109,m2
2021-12-29,7627086.0,109,m2
2021-12-28,7539595.0,109,m2
2021-12-27,7573334.0,109,m2
2021-12-23,7494996.0,109,m2
2021-12-22,7278996.0,109,m2
2021-12-21,7281445.0,109,m2
2021-12-20,7231224.0,109,m2
2021-12-17,7094952.0,109,m2
2021-12-16,6976736.0,109,m2
2021-12-15,6881702.0,109,m2
2021-12-14,6876583.0,109,m2
2021-12-13,6818768.0,109,m2
2021-12-10,6813091.0,109,m2
2021-12-09,6824923.0,109,m2
2021-12-07,6922265.0,109,m2
2021-12-06,6801539.0,109,m2
2021-12-03,6783723.0,109,m2
2021-12-02,6727649.0,109,m2
2021-12-01,6787273.0,109,m2
2021-11-30,6770724.0,109,m2
2021-11-29,6751579.0,109,m2
2021-11-26,6672341.0,109,m2
2021-11-25,6565758.0,109,m2
2021-11-24,6539406.0,109,m2
2021-11-23,6486963.0,109,m2
2021-11-19,6489950.0,109,m2
2021-11-18,6503820.0,109,m2
2021-11-17,6462329.0,109,m2
2021-11-16,6424188.0,109,m2
2021-11-15,6501089.0,109,m2
2021-11-12,6456959.0,109,m2
2021-11-11,6437776.0,109,m2
2021-11-10,6330743.0,109,m2
2021-11-09,6299582.0,109,m2
2021-11-08,6328232.0,109,m2
2021-11-05,6471698.0,109,m2
2021-11-04,6482126.0,109,m2
2021-11-03,6483389.0,109,m2
2021-11-02,6388282.0,109,m2
2021-11-01,6433555.0,109,m2
2021-10-29,6411444.0,109,m2
2021-10-28,6406098.0,109,m2
2021-10-27,6250400.0,109,m2
2021-10-26,6200484.0,109,m2
2021-10-25,6197625.0,109,m2
2021-10-22,6162460.0,109,m2
2021-10-21,6171226.0,109,m2
2021-10-20,6180429.0,109,m2
2021-10-19,6109794.0,109,m2
2021-10-18,6102523.0,109,m2
2021-10-15,6139795.0,109,m2
2021-10-14,6056434.0,109,m2
2021-10-13,6041775.0,109,m2
2021-10-12,5952911.0,109,m2
2021-10-07,6040569.0,109,m2
2021-10-06,6133629.0,109,m2
2021-10-05,6119818.0,109,m2
2021-10-04,6139375.0,109,m2
2021-10-01,6023325.0,109,m2
2021-09-30,6052571.0,109,m2
2021-09-29,6042794.0,109,m2
2021-09-28,5990955.0,109,m2
2021-09-27,5957863.0,109,m2
2021-09-24,5916180.0,109,m2
2021-09-23,5933074.0,109,m2
2021-09-22,5928696.0,109,m2
2021-09-21,5863816.0,109,m2
2021-09-20,5876092.0,109,m2
2021-09-17,5795555.0,109,m2
2021-09-16,5814332.0,109,m2
2021-09-15,5887246.0,109,m2
2021-09-14,5832820.0,109,m2
2021-09-13,5834769.0,109,m2
2021-09-10,5791077.0,109,m2
2021-09-09,5781805.0,109,m2
2021-09-08,5823436.0,109,m2
2021-09-07,5740163.0,109,m2
2021-09-06,5787679.0,109,m2
2021-09-03,5778992.0,109,m2
2021-09-02,5737469.0,109,m2
2021-09-01,5781821.0,109,m2
2021-08-31,5800361.0,109,m2
2021-08-30,5832681.0,109,m2
2021-08-27,5742489.0,109,m2
2021-08-26,5740374.0,109,m2
2021-08-25,5750038.0,109,m2
2021-08-24,5693631.0,109,m2
2021-08-23,5715152.0,109,m2
2021-08-20,5622677.0,109,m2
2021-08-19,5657623.0,109,m2
2021-08-18,5603867.0,109,m2
2021-08-17,5582582.0,109,m2
2021-08-13,5655654.0,109,m2
2021-08-12,5740048.0,109,m2
2021-08-11,5668478.0,109,m2
2021-08-10,5570423.0,109,m2
2021-08-09,5565410.0,109,m2
2021-08-06,5655643.0,109,m2
2021-08-05,5655816.0,109,m2
2021-08-04,5638503.0,109,m2
2021-08-03,5660299.0,109,m2
2021-08-02,5705896.0,109,m2
2021-07-30,5667359.0,109,m2
2021-07-29,5693778.0,109,m2
2021-07-28,5644770.0,109,m2
2021-07-27,5578721.0,109,m2
2021-07-26,5599503.0,109,m2
2021-07-23,5576719.0,109,m2
2021-07-22,5581206.0,109,m2
2021-07-21,5510427.0,109,m2
2021-07-20,5508355.0,109,m2
2021-07-19,5462323.0,109,m2
2021-07-16,5481115.0,109,m2
2021-07-15,5558665.0,109,m2
2021-07-14,5520176.0,109,m2
2021-07-13,5477897.0,109,m2
2021-07-12,5431114.0,109,m2
2021-07-08,5465652.0,109,m2
2021-07-07,5559421.0,109,m2
2021-07-06,5559549.0,109,m2
2021-07-05,5451460.0,109,m2
2021-07-02,5479252.0,109,m2
2021-07-01,5526034.0,109,m2
2021-06-30,5550010.0,109,m2
2021-06-29,5499929.0,109,m2
2021-06-28,5382783.0,109,m2
2021-06-25,5333792.0,109,m2
2021-06-24,5231961.0,109,m2
2021-06-23,5233336.0,109,m2
2021-06-22,5213549.0,109,m2
2021-06-18,5220689.0,109,m2
2021-06-17,5155462.0,109,m2
2021-06-16,5164189.0,109,m2
2021-06-15,5191129.0,109,m2
2021-06-14,5192526.0,109,m2
2021-06-11,5139144.0,109,m2
2021-06-10,5158627.0,109,m2
2021-06-09,5169868.0,109,m2
2021-06-08,5090095.0,109,m2
2021-06-07,5106684.0,109,m2
2021-06-04,5178049.0,109,m2
2021-06-03,5138209.0,109,m2
2021-06-02,5193720.0,109,m2
2021-06-01,5190120.0,109,m2
2021-05-31,5216324.0,109,m2
2021-05-28,5174142.0,109,m2
2021-05-27,5141376.0,109,m2
2021-05-26,5077024.0,109,m2
2021-05-21,5067419.0,109,m2
2021-05-20,5096419.0,109,m2
2021-05-19,5089065.0,109,m2
2021-05-18,5012324.0,109,m2
2021-05-17,5015945.0,109,m2
2021-05-14,5047594.0,109,m2
2021-05-13,5029356.0,109,m2
2021-05-12,4988591.0,109,m2
2021-05-11,4954125.0,109,m2
2021-05-10,4902801.0,109,m2
2021-05-07,4971926.0,109,m2
2021-05-06,5033800.0,109,m2
2021-05-05,5012245.0,109,m2
2021-05-04,4951873.0,109,m2
2021-05-03,4978003.0,109,m2
2021-04-30,5014380.0,109,m2
2021-04-29,4971216.0,109,m2
2021-04-28,4925053.0,109,m2
2021-04-27,4820890.0,109,m2
2021-04-26,4809535.0,109,m2
2021-04-23,4789737.0,109,m2
2021-04-22,4854290.0,109,m2
2021-04-21,4827728.0,109,m2
2021-04-20,4774921.0,109,m2
2021-04-19,4743731.0,109,m2
2021-04-16,4658271.0,109,m2
2021-04-15,4798096.0,109,m2
2021-04-14,4845243.0,109,m2
2021-04-13,4760796.0,109,m2
2021-04-12,4782473.0,109,m2
2021-04-09,4798652.0,109,m2
2021-04-08,4863137.0,109,m2
2021-04-07,4871051.0,109,m2
2021-04-06,4821004.0,109,m2
2021-04-05,4854677.0,109,m2
2021-03-31,4878938.0,109,m2
2021-03-30,4837222.0,109,m2
2021-03-29,4818926.0,109,m2
2021-03-26,4743375.0,109,m2
2021-03-25,4748089.0,109,m2
2021-03-23,4659355.0,109,m2
2021-03-22,4666786.0,109,m2
2021-03-19,4674213.0,109,m2
2021-03-18,4670334.0,109,m2
2021-03-17,4686952.0,109,m2
2021-03-16,4710509.0,109,m2
2021-03-15,4754183.0,109,m2
2021-03-12,4796466.0,109,m2
2021-03-11,4788658.0,109,m2
2021-03-10,4768694.0,109,m2
2021-03-09,4677503.0,109,m2
2021-03-08,4727771.0,109,m2
2021-03-05,4776102.0,109,m2
2021-03-04,4788627.0,109,m2
2021-03-03,4778652.0,109,m2
2021-03-02,4743858.0,109,m2
2021-03-01,4792382.0,109,m2
2021-02-26,4756858.0,109,m2
2021-02-25,4739861.0,109,m2
2021-02-24,4670117.0,109,m2
2021-02-23,4668065.0,109,m2
2021-02-22,4656727.0,109,m2
2021-02-19,4649087.0,109,m2
2021-02-18,4616578.0,109,m2
2021-02-17,4643135.0,109,m2
2021-02-12,4640728.0,109,m2
2021-02-11,4651268.0,109,m2
2021-02-10,4618993.0,109,m2
2021-02-09,4597693.0,109,m2
2021-02-08,4629232.0,109,m2
2021-02-05,4691827.0,109,m2
2021-02-04,4735087.0,109,m2
2021-02-03,4731970.0,109,m2
2021-02-02,4707810.0,109,m2
2021-02-01,4737419.0,109,m2
2021-01-29,4778563.0,109,m2
2021-01-28,4757640.0,109,m2
2021-01-27,4723287.0,109,m2
2021-01-26,4658132.0,109,m2
2021-01-25,4684435.0,109,m2
2021-01-22,4694857.0,109,m2
2021-01-21,4722195.0,109,m2
2021-01-20,4713597.0,109,m2
2021-01-19,4678697.0,109,m2
2021-01-18,4710315.0,109,m2
2021-01-15,4755058.0,109,m2
2021-01-14,4784893.0,109,m2
2021-01-13,4756157.0,109,m2
2021-01-12,4703798.0,109,m2
2021-01-11,4661639.0,109,m2
2021-01-08,4741047.0,109,m2
2021-01-07,4746117.0,109,m2
2021-01-06,4759634.0,109,m2
2021-01-05,4789781.0,109,m2
2021-01-04,4867384.0,109,m2
2020-12-30,4902460.0,109,m2
2020-12-29,4853004.0,109,m2
2020-12-28,4838883.0,109,m2
2020-12-23,4781269.0,109,m2
2020-12-22,4724715.0,109,m2
2020-12-21,4721814.0,109,m2
2020-12-18,4707010.0,109,m2
2020-12-17,4559790.0,109,m2
2020-12-16,4531219.0,109,m2
2020-12-15,4543876.0,109,m2
2020-12-14,4659312.0,109,m2
2020-12-11,4519070.0,109,m2
2020-12-10,4501211.0,109,m2
2020-12-09,4491432.0,109,m2
2020-12-04,4478753.0,109,m2
2020-12-03,4425385.0,109,m2
2020-12-02,4448582.0,109,m2
2020-12-01,4447869.0,109,m2
2020-11-30,4405288.0,109,m2
2020-11-27,4363685.0,109,m2
2020-11-26,4360183.0,109,m2
2020-11-25,4299943.0,109,m2
2020-11-24,4306764.0,109,m2
2020-11-20,4315167.0,109,m2
2020-11-19,4355940.0,109,m2
2020-11-18,4355354.0,109,m2
2020-11-17,4281581.0,109,m2
2020-11-16,4300272.0,109,m2
2020-11-13,4319614.0,109,m2
2020-11-12,4308253.0,109,m2
2020-11-11,4309954.0,109,m2
2020-11-10,4294185.0,109,m2
2020-11-09,4286844.0,109,m2
2020-11-05,4342397.0,109,m2
2020-11-04,4336568.0,109,m2
2020-11-03,4337035.0,109,m2
2020-11-02,4373068.0,109,m2
2020-10-30,4348844.0,109,m2
2020-10-29,4350392.0,109,m2
2020-10-28,4376416.0,109,m2
2020-10-27,4271066.0,109,m2
2020-10-26,4289607.0,109,m2
2020-10-23,4272611.0,109,m2
2020-10-22,4284517.0,109,m2
2020-10-21,4275210.0,109,m2
2020-10-20,4251174.0,109,m2
2020-10-19,4219127.0,109,m2
2020-10-16,4170346.0,109,m2
2020-10-15,4181498.0,109,m2
2020-10-14,4174623.0,109,m2
2020-10-13,4165474.0,109,m2
2020-10-09,4186387.0,109,m2
2020-10-08,4173869.0,109,m2
2020-10-07,4210435.0,109,m2
2020-10-06,4211201.0,109,m2
2020-10-05,4183643.0,109,m2
2020-10-02,4212360.0,109,m2
2020-10-01,4228055.0,109,m2
2020-09-30,4237168.0,109,m2
2020-09-29,4182442.0,109,m2
2020-09-28,4179137.0,109,m2
2020-09-25,4146216.0,109,m2
2020-09-24,4159360.0,109,m2
2020-09-23,4161043.0,109,m2
2020-09-22,4137477.0,109,m2
2020-09-21,4168327.0,109,m2
2020-09-18,4123762.0,109,m2
2020-09-17,4103964.0,109,m2
2020-09-16,4073673.0,109,m2
2020-09-15,4108822.0,109,m2
2020-09-14,4123872.0,109,m2
2020-09-11,4079847.0,109,m2
2020-09-10,4036550.0,109,m2
2020-09-09,4058072.0,109,m2
2020-09-08,4066633.0,109,m2
2020-09-07,4114124.0,109,m2
2020-09-04,4155020.0,109,m2
2020-09-03,4160191.0,109,m2
2020-09-02,4184496.0,109,m2
2020-09-01,4129256.0,109,m2
2020-08-31,4155272.0,109,m2
2020-08-28,4167422.0,109,m2
2020-08-27,4169029.0,109,m2
2020-08-26,4161693.0,109,m2
2020-08-25,4141950.0,109,m2
2020-08-24,4145651.0,109,m2
2020-08-21,4166588.0,109,m2
2020-08-20,4171535.0,109,m2
2020-08-19,4133700.0,109,m2
2020-08-18,4136782.0,109,m2
2020-08-14,4113318.0,109,m2
2020-08-13,4154027.0,109,m2
2020-08-12,4148356.0,109,m2
2020-08-11,4092323.0,109,m2
2020-08-10,4095711.0,109,m2
2020-08-07,4142591.0,109,m2
2020-08-06,4162733.0,109,m2
2020-08-05,4172064.0,109,m2
2020-08-04,4183442.0,109,m2
2020-08-03,4190182.0,109,m2
2020-07-31,4199414.0,109,m2
2020-07-30,4225626.0,109,m2
2020-07-29,4188650.0,109,m2
2020-07-28,4116773.0,109,m2
2020-07-27,4118910.0,109,m2
2020-07-24,4088734.0,109,m2
2020-07-23,4113248.0,109,m2
2020-07-22,4123775.0,109,m2
2020-07-21,4104990.0,109,m2
2020-07-20,4096254.0,109,m2
2020-07-17,4076976.0,109,m2
2020-07-16,4099762.0,109,m2
2020-07-15,4109630.0,109,m2
2020-07-14,4094304.0,109,m2
2020-07-13,4076437.0,109,m2
2020-07-08,4111113.0,109,m2
2020-07-07,4122655.0,109,m2
2020-07-06,4113202.0,109,m2
2020-07-03,4121272.0,109,m2
2020-07-02,4122069.0,109,m2
2020-07-01,4091339.0,109,m2
2020-06-30,4088335.0,109,m2
2020-06-29,4118440.0,109,m2
2020-06-26,4000123.0,109,m2
2020-06-25,3996965.0,109,m2
2020-06-24,3976775.0,109,m2
2020-06-23,3983152.0,109,m2
2020-06-22,3997497.0,109,m2
2020-06-19,3992055.0,109,m2
2020-06-18,3933215.0,109,m2
2020-06-17,3872995.0,109,m2
2020-06-16,3861199.0,109,m2
2020-06-12,3886092.0,109,m2
2020-06-11,3871661.0,109,m2
2020-06-10,3854376.0,109,m2
2020-06-09,3789819.0,109,m2
2020-06-08,3829956.0,109,m2
2020-06-05,3792212.0,109,m2
2020-06-04,3821255.0,109,m2
2020-06-03,3829924.0,109,m2
2020-06-02,3779093.0,109,m2
2020-06-01,3800631.0,109,m2
2020-05-29,3828255.0,109,m2
2020-05-28,3804353.0,109,m2
2020-05-27,3697082.0,109,m2
2020-05-26,3667838.0,109,m2
2020-05-22,3692610.0,109,m2
2020-05-21,3699647.0,109,m2
2020-05-20,3717894.0,109,m2
2020-05-19,3656274.0,109,m2
2020-05-18,3673423.0,109,m2
2020-05-15,3713226.0,109,m2
2020-05-14,3724031.0,109,m2
2020-05-13,3728348.0,109,m2
2020-05-12,3637988.0,109,m2
2020-05-11,3633100.0,109,m2
2020-05-08,3632802.0,109,m2
2020-05-07,3650764.0,109,m2
2020-05-06,3659773.0,109,m2
2020-05-05,3660046.0,109,m2
2020-05-04,3616247.0,109,m2
2020-04-30,3547911.0,109,m2
2020-04-29,3521575.0,109,m2
2020-04-28,3511034.0,109,m2
2020-04-27,3482912.0,109,m2
2020-04-24,3429569.0,109,m2
2020-04-23,3425145.0,109,m2
2020-04-22,3434767.0,109,m2
2020-04-21,3456282.0,109,m2
2020-04-20,3428459.0,109,m2
2020-04-17,3404911.0,109,m2
2020-04-16,3370911.0,109,m2
2020-04-15,3396379.0,109,m2
2020-04-14,3370729.0,109,m2
2020-04-13,3354634.0,109,m2
2020-04-08,3400092.0,109,m2
2020-04-07,3374916.0,109,m2
2020-04-06,3341113.0,109,m2
2020-04-03,3314030.0,109,m2
2020-04-02,3280199.0,109,m2
2020-04-01,3253686.0,109,m2
2020-03-30,3247106.0,109,m2
2020-03-27,3222173.0,109,m2
2020-03-26,3133912.0,109,m2
2020-03-25,3079471.0,109,m2
2020-03-20,2995629.0,109,m2
2020-03-19,2979255.0,109,m2
2020-03-18,2916422.0,109,m2
2020-03-17,2875197.0,109,m2
2020-03-16,2883739.0,109,m2
2020-03-13,2880985.0,109,m2
2020-03-12,2896959.0,109,m2
2020-03-11,2872702.0,109,m2
2020-03-10,2820748.0,109,m2
2020-03-09,2823981.0,109,m2
2020-03-06,2854083.0,109,m2
2020-03-05,2902467.0,109,m2
2020-03-04,2881726.0,109,m2
2020-03-03,2888931.0,109,m2
2020-03-02,2900674.0,109,m2
2020-02-28,2893044.0,109,m2
2020-02-27,2879477.0,109,m2
2020-02-26,2845724.0,109,m2
2020-02-21,2802729.0,109,m2
2020-02-20,2815832.0,109,m2
2020-02-19,2775899.0,109,m2
2020-02-18,2749298.0,109,m2
2020-02-17,2758505.0,109,m2
2020-02-14,2767045.0,109,m2
2020-02-13,2793204.0,109,m2
2020-02-12,2761024.0,109,m2
2020-02-11,2761450.0,109,m2
2020-02-10,2754294.0,109,m2
2020-02-07,2811470.0,109,m2
2020-02-06,2806214.0,109,m2
2020-02-05,2805375.0,109,m2
2020-02-04,2793887.0,109,m2
2020-02-03,2834430.0,109,m2
2020-01-31,2823436.0,109,m2
2020-01-30,2835994.0,109,m2
2020-01-29,2830897.0,109,m2
2020-01-28,2805173.0,109,m2
2020-01-27,2808410.0,109,m2
2020-01-24,2772591.0,109,m2
2020-01-23,2800284.0,109,m2
2020-01-22,2816474.0,109,m2
2020-01-21,2784968.0,109,m2
2020-01-20,2765308.0,109,m2
2020-01-17,2708815.0,109,m2
2020-01-16,2740221.0,109,m2
2020-01-15,2749658.0,109,m2
2020-01-14,2731792.0,109,m2
2020-01-13,2685066.0,109,m2
2020-01-10,2677020.0,109,m2
2020-01-09,2591198.0,109,m2
2020-01-08,2606824.0,109,m2
2020-01-07,2599264.0,109,m2
2020-01-06,2614486.0,109,m2
2020-01-03,2686988.0,109,m2
2020-01-02,2713322.0,109,m2
